"","Bosque","Codigo","Tanda","Dia","ID","Especie.planta","Numero.flores","GPS","x","y"
"1","Pinar Aznalcazar","PA",3,"28.4.2020","CA1","Cistus albidus",12,"PACA1,2,3",10,10
"2","Pinar Aznalcazar","PA",3,"28.4.2020","CA2","Cistus albidus",33,"PACA1,2,3",10,10
"3","Pinar Aznalcazar","PA",3,"28.4.2020","CA3","Cistus albidus",10,"PACA1,2,3",10,10
"4","Pinar Aznalcazar","PA",4,"6.5.2020","cc1","Reseda phyteuma",30,"",2,4
"5","Pinar Aznalcazar","PA",4,"6.5.2020","cc1","Lysimachia arvensis",3,"",2,4
"6","Pinar Aznalcazar","PA",4,"6.5.2020","cc1","Campanula lusitanica",2,"",2,4
"7","Pinar Aznalcazar","PA",4,"6.5.2020","cc1","Cistus crispus",16,"",2,4
"8","Pinar Aznalcazar","PA",6,"29.5.2020","cc1","Galactites tomentosa",9,"",2,4
"9","Pinar Aznalcazar","PA",6,"29.5.2020","cc1","Andryala integrifolia",4,"",2,4
"10","Pinar Aznalcazar","PA",6,"29.5.2020","cc1","Cistus crispus",3,"",2,4
"11","Pinar Aznalcazar","PA",5,"21.5.2020","cc1","Galactites tomentosa",8,"",2,4
"12","Pinar Aznalcazar","PA",5,"21.5.2020","cc1","Calendula arvensis",6,"",2,4
"13","Pinar Aznalcazar","PA",5,"21.5.2020","cc1","Andryala integrifolia",7,"",2,4
"14","Pinar Aznalcazar","PA",5,"21.5.2020","cc1","Cistus crispus",6,"",2,4
"15","Pinar Aznalcazar","PA",4,"6.5.2020","cc2","Lysimachia arvensis",2,"",2,4
"16","Pinar Aznalcazar","PA",4,"6.5.2020","cc2","Cistus crispus",27,"",2,4
"17","Pinar Aznalcazar","PA",6,"29.5.2020","cc2","Cistus crispus",5,"",2,4
"18","Pinar Aznalcazar","PA",5,"21.5.2020","cc2","Cistus crispus",11,"",2,4
"19","Pinar Aznalcazar","PA",4,"6.5.2020","cc3","Leontodon hispidus",4,"",2,4
"20","Pinar Aznalcazar","PA",4,"6.5.2020","cc3","Lysimachia arvensis",3,"",2,4
"21","Pinar Aznalcazar","PA",4,"6.5.2020","cc3","Cistus crispus",30,"",2,4
"22","Pinar Aznalcazar","PA",6,"29.5.2020","cc3","Cistus crispus",14,"",2,4
"23","Pinar Aznalcazar","PA",5,"21.5.2020","cc3","Cistus crispus",12,"",2,4
"24","Pinar Aznalcazar","PA",2,"10.03.2020","CS1","Cistus salviifolius",1,"PACS1",2,4
"25","Pinar Aznalcazar","PA",3,"28.4.2020","CS1","Reseda phyteuma",60,"PACS2",5,12
"26","Pinar Aznalcazar","PA",3,"28.4.2020","CS1","Leontodon hispidus",6,"PACS2",5,12
"27","Pinar Aznalcazar","PA",3,"28.4.2020","CS1","Lysimachia arvensis",4,"PACS2",5,12
"28","Pinar Aznalcazar","PA",3,"28.4.2020","CS1","Cistus salviifolius",2,"PACS2",5,12
"29","Pinar Aznalcazar","PA",3,"28.4.2020","CS10","Cistus salviifolius",14,"PACS11",10,10
"30","Pinar Aznalcazar","PA",3,"28.4.2020","CS11","Cistus salviifolius",8,"PACS12",10,10
"31","Pinar Aznalcazar","PA",3,"28.4.2020","CS12","Cistus salviifolius",9,"PACS13",10,10
"32","Pinar Aznalcazar","PA",4,"6.5.2020","cs12","Echium plantagineum",4,"",10,10
"33","Pinar Aznalcazar","PA",4,"6.5.2020","cs12","Cistus salviifolius",1,"",10,10
"34","Pinar Aznalcazar","PA",3,"28.4.2020","CS2","Galactites tomentosa",8,"PACS3",10,10
"35","Pinar Aznalcazar","PA",3,"28.4.2020","CS2","Cistus salviifolius",1,"PACS3",10,10
"36","Pinar Aznalcazar","PA",3,"28.4.2020","CS3","Leontodon hispidus",1,"PACS4",10,10
"37","Pinar Aznalcazar","PA",3,"28.4.2020","CS3","Reseda phyteuma",1,"PACS4",10,10
"38","Pinar Aznalcazar","PA",3,"28.4.2020","CS3","Cistus salviifolius",2,"PACS4",10,10
"39","Pinar Aznalcazar","PA",3,"28.4.2020","CS4","Lysimachia arvensis",13,"PACS5",10,10
"40","Pinar Aznalcazar","PA",3,"28.4.2020","CS4","Cistus salviifolius",6,"PACS5",10,10
"41","Pinar Aznalcazar","PA",3,"28.4.2020","CS5","Leontodon hispidus",2,"PACS6",10,10
"42","Pinar Aznalcazar","PA",3,"28.4.2020","CS5","Cistus salviifolius",3,"PACS6",10,10
"43","Pinar Aznalcazar","PA",3,"28.4.2020","CS6","Cistus salviifolius",3,"PACS7",10,10
"44","Pinar Aznalcazar","PA",3,"28.4.2020","CS7","Cistus salviifolius",1,"PACS8",10,10
"45","Pinar Aznalcazar","PA",3,"28.4.2020","CS8","Cistus salviifolius",8,"PACS9",10,10
"46","Pinar Aznalcazar","PA",3,"28.4.2020","CS9","Cistus salviifolius",8,"PACS10",10,10
"47","Pinar Aznalcazar","PA",2,"10.03.2020","LS1","Lavandula stoechas",13,"PALS1",24,16
"48","Pinar Aznalcazar","PA",3,"28.4.2020","LS1","Lavandula stoechas",1,"",24,16
"49","Pinar Aznalcazar","PA",2,"10.03.2020","LS10","Lavandula stoechas",7,"PALS10",1,9
"50","Pinar Aznalcazar","PA",3,"28.4.2020","ls10","Lavandula stoechas",40,"",1,9
"51","Pinar Aznalcazar","PA",2,"10.03.2020","LS11","Lavandula stoechas",19,"PALS11",7,9
"52","Pinar Aznalcazar","PA",3,"28.4.2020","ls11","Lavandula stoechas",27,"",7,9
"53","Pinar Aznalcazar","PA",3,"28.4.2020","ls12","Lavandula stoechas",40,"PALS12",10,10
"54","Pinar Aznalcazar","PA",4,"6.5.2020","ls12","Galactites tomentosa",6,"",10,10
"55","Pinar Aznalcazar","PA",4,"6.5.2020","ls12","Lavandula stoechas",7,"",10,10
"56","Pinar Aznalcazar","PA",2,"10.03.2020","LS2","Lavandula stoechas",2,"PALS2",24,16
"57","Pinar Aznalcazar","PA",3,"28.4.2020","LS2","Lavandula stoechas",20,"",24,16
"58","Pinar Aznalcazar","PA",2,"10.03.2020","LS3","Lavandula stoechas",1,"PALS3",4,6
"59","Pinar Aznalcazar","PA",2,"10.03.2020","LS4","Lavandula stoechas",14,"PALS4",4,6
"60","Pinar Aznalcazar","PA",2,"10.03.2020","LS5","Lavandula stoechas",6,"PALS5",4,6
"61","Pinar Aznalcazar","PA",5,"21.5.2020","ls5","Lavandula stoechas",3,"",4,6
"62","Pinar Aznalcazar","PA",2,"10.03.2020","LS6","Lavandula stoechas",18,"PALS6",10,14
"63","Pinar Aznalcazar","PA",5,"21.5.2020","ls6","Lavandula stoechas",1,"",10,14
"64","Pinar Aznalcazar","PA",2,"10.03.2020","LS7","Lavandula stoechas",14,"PALS7",3,10
"65","Pinar Aznalcazar","PA",2,"10.03.2020","LS8","Lavandula stoechas",7,"PALS8",2,9
"66","Pinar Aznalcazar","PA",3,"28.4.2020","ls8","Lavandula stoechas",16,"",2,9
"67","Pinar Aznalcazar","PA",2,"10.03.2020","LS9","Lavandula stoechas",3,"PALS9",2,9
"68","Pinar Aznalcazar","PA",2,"10.03.2020","RO1","Rosmarinus officinalis",30,"PARO1",4,23
"69","Pinar Aznalcazar","PA",6,"29.5.2020","ro1","Rosmarinus officinalis",8,"",4,23
"70","Pinar Aznalcazar","PA",1,"26.2.2020","RO2","Rosmarinus officinalis",90,"PARO2",7,9
"71","Pinar Aznalcazar","PA",2,"10.03.2020","RO2","Rosmarinus officinalis",70,"PARO2",7,9
"72","Pinar Aznalcazar","PA",1,"26.2.2020","RO3","Rosmarinus officinalis",70,"PARO3",7,9
"73","Pinar Aznalcazar","PA",2,"10.03.2020","RO3","Rosmarinus officinalis",90,"PARO3",7,9
"74","Pinar Aznalcazar","PA",3,"28.4.2020","RO3","Rosmarinus officinalis",12,"",7,9
"75","Pinar Aznalcazar","PA",1,"26.2.2020","RO4","Rosmarinus officinalis",60,"PARO4",7,9
"76","Pinar Aznalcazar","PA",1,"26.2.2020","RO5","Rosmarinus officinalis",80,"PARO5",7,9
"77","Pinar Hinojos","PH",5,"8.5.2020","Cli1","Leontodon hispidus",28,"",3,17
"78","Pinar Hinojos","PH",5,"8.5.2020","Cli1","Lysimachia arvensis",5,"",3,17
"79","Pinar Hinojos","PH",5,"8.5.2020","Cli1","Silene colorata",1,"",3,17
"80","Pinar Hinojos","PH",5,"8.5.2020","Cli1","Andryala integrifolia",4,"",3,17
"81","Pinar Hinojos","PH",5,"8.5.2020","Cli1","Linum bienne",3,"",3,17
"82","Pinar Hinojos","PH",5,"8.5.2020","Cli1","Cistus libanotis",2,"",3,17
"83","Pinar Hinojos","PH",3,"22.4.2020","Cli1","Cistus libanotis",3,"PHCLi1",3,17
"84","Pinar Hinojos","PH",4,"1.5.2020","CLi2","Cistus libanotis",1,"",3,17
"85","Pinar Hinojos","PH",3,"22.4.2020","Cli2","Cistus libanotis",3,"PHCLi2",3,17
"86","Pinar Hinojos","PH",4,"1.5.2020","CLi3","Leontodon hispidus",27,"",4,1
"87","Pinar Hinojos","PH",4,"1.5.2020","CLi3","Reseda phyteuma",4,"",4,1
"88","Pinar Hinojos","PH",4,"1.5.2020","CLi3","Ornithopus sativus",9,"",4,1
"89","Pinar Hinojos","PH",4,"1.5.2020","CLi3","Lysimachia arvensis",1,"",4,1
"90","Pinar Hinojos","PH",4,"1.5.2020","CLi3","Cistus libanotis",1,"",4,1
"91","Pinar Hinojos","PH",3,"22.4.2020","Cli3","Cistus libanotis",1,"PHCLi3",4,1
"92","Pinar Hinojos","PH",4,"1.5.2020","CLi4","Cistus libanotis",1,"",4,1
"93","Pinar Hinojos","PH",6,"25.5.2020","hc14","Halimium commutatum",2,"",4,17
"94","Pinar Hinojos","PH",6,"25.5.2020","hc15","Halimium commutatum",3,"",4,17
"95","Pinar Hinojos","PH",3,"22.4.2020","HC17","Halimium commutatum",1,"",5,2
"96","Pinar Hinojos","PH",3,"22.4.2020","HC19","Halimium commutatum",1,"",18,15
"97","Pinar Hinojos","PH",5,"8.5.2020","HC5","Halimium commutatum",5,"",7,17
"98","Pinar Hinojos","PH",6,"25.5.2020","HC5","Leontodon hispidus",15,"",7,17
"99","Pinar Hinojos","PH",6,"25.5.2020","HC5","Andryala integrifolia",26,"",7,17
"100","Pinar Hinojos","PH",6,"25.5.2020","HC5","Echium plantagineum",13,"",7,17
"101","Pinar Hinojos","PH",6,"25.5.2020","HC5","Halimium commutatum",3,"",7,17
"102","Pinar Hinojos","PH",6,"25.5.2020","hc6","Halimium commutatum",1,"",7,17
"103","Pinar Puebla","PP",6,"26.5.2020"," cs7","Cistus salviifolius",5,"",5,7
"104","Pinar Puebla","PP",3,"19.4.2020","CC1","Cistus crispus",34,"PPcc1",20,6
"105","Pinar Puebla","PP",4,"29.4.2020","CC1","Tolpis barbata",5,"",20,6
"106","Pinar Puebla","PP",4,"29.4.2020","CC1","Tuberaria guttata",17,"",20,6
"107","Pinar Puebla","PP",4,"29.4.2020","CC1","Leontodon hispidus",13,"",20,6
"108","Pinar Puebla","PP",4,"29.4.2020","CC1","Silene colorata",13,"",20,6
"109","Pinar Puebla","PP",4,"29.4.2020","CC1","Cistus crispus",40,"",20,6
"110","Pinar Puebla","PP",5,"7.5.2020","cc1","Cistus crispus",70,"",20,6
"111","Pinar Puebla","PP",3,"12.3.2020","CL1","Cistus ladanifer",2,"PPCL1",17,14
"112","Pinar Puebla","PP",3,"12.3.2020","CL2","Cistus ladanifer",5,"PPCL2",18,15
"113","Pinar Puebla","PP",3,"12.3.2020","CL3","Cistus ladanifer",1,"PPCL3",17,4
"114","Pinar Puebla","PP",3,"12.3.2020","CL4","Cistus ladanifer",1,"PPCL4",15,5
"115","Pinar Puebla","PP",3,"12.3.2020","CL5","Cistus ladanifer",3,"PPCL5",5,14
"116","Pinar Puebla","PP",3,"12.3.2020","CL6","Cistus ladanifer",13,"PPCL6",5,14
"117","Pinar Puebla","PP",3,"12.3.2020","CL7","Cistus ladanifer",4,"PPCL7",9,19
"118","Pinar Puebla","PP",3,"12.3.2020","CS1","Cistus salviifolius",11,"PPCS1",6,15
"119","Pinar Puebla","PP",3,"12.3.2020","CS11","Cistus salviifolius",26,"PPCS11",19,14
"120","Pinar Puebla","PP",3,"12.3.2020","CS12","Cistus salviifolius",31,"PPCS12",19,14
"121","Pinar Puebla","PP",3,"12.3.2020","CS13","Cistus salviifolius",21,"PPCS13",16,10
"122","Pinar Puebla","PP",3,"19.4.2020","CS13","Cistus salviifolius",3,"",16,10
"123","Pinar Puebla","PP",3,"12.3.2020","CS14","Cistus salviifolius",16,"PPCS14",16,10
"124","Pinar Puebla","PP",5,"7.5.2020","cs14","Tuberaria guttata",11,"",16,10
"125","Pinar Puebla","PP",5,"7.5.2020","cs14","Tolpis barbata",7,"",16,10
"126","Pinar Puebla","PP",5,"7.5.2020","cs14","Echium plantagineum",3,"",16,10
"127","Pinar Puebla","PP",5,"7.5.2020","cs14","Andryala integrifolia",8,"",16,10
"128","Pinar Puebla","PP",5,"7.5.2020","cs14","Leontodon hispidus",6,"",16,10
"129","Pinar Puebla","PP",5,"7.5.2020","cs14","Cistus salviifolius",1,"",16,10
"130","Pinar Puebla","PP",6,"26.5.2020","cs14","Leontodon hispidus",75,"",16,10
"131","Pinar Puebla","PP",6,"26.5.2020","cs14","Andryala integrifolia",67,"",16,10
"132","Pinar Puebla","PP",6,"26.5.2020","cs14","Silene colorata",48,"",16,10
"133","Pinar Puebla","PP",6,"26.5.2020","cs14","Tolpis barbata",3,"",16,10
"134","Pinar Puebla","PP",6,"26.5.2020","cs14","Cistus salviifolius",1,"",16,10
"135","Pinar Puebla","PP",3,"12.3.2020","CS15","Cistus salviifolius",18,"PPCS15",6,12
"136","Pinar Puebla","PP",3,"12.3.2020","CS16","Cistus salviifolius",10,"PPCS16",6,12
"137","Pinar Puebla","PP",6,"26.5.2020","cs16","Cistus salviifolius",1,"",6,12
"138","Pinar Puebla","PP",3,"12.3.2020","CS17","Cistus salviifolius",8,"PPCS17",12,10
"139","Pinar Puebla","PP",5,"7.5.2020","cs17","Silene colorata",5,"",12,10
"140","Pinar Puebla","PP",5,"7.5.2020","cs17","Leontodon hispidus",30,"",12,10
"141","Pinar Puebla","PP",5,"7.5.2020","cs17","Cistus salviifolius",1,"",12,10
"142","Pinar Puebla","PP",3,"12.3.2020","CS18","Cistus salviifolius",5,"PPCS18",6,11
"143","Pinar Puebla","PP",3,"12.3.2020","CS19","Cistus salviifolius",16,"PPCS19",0,14
"144","Pinar Puebla","PP",3,"12.3.2020","CS2","Cistus salviifolius",8,"PPCS2",10,16
"145","Pinar Puebla","PP",3,"12.3.2020","CS20","Cistus salviifolius",10,"PPCS20",7,13
"146","Pinar Puebla","PP",3,"12.3.2020","CS21","Cistus salviifolius",28,"PPCS21",7,13
"147","Pinar Puebla","PP",6,"26.5.2020","cs21","Cistus salviifolius",1,"",7,13
"148","Pinar Puebla","PP",3,"12.3.2020","CS22","Cistus salviifolius",37,"PPCS22",6,11
"149","Pinar Puebla","PP",3,"12.3.2020","CS23","Cistus salviifolius",24,"PPCS23",6,11
"150","Pinar Puebla","PP",6,"26.5.2020","cs23","Cistus salviifolius",1,"",6,11
"151","Pinar Puebla","PP",3,"12.3.2020","CS24","Cistus salviifolius",18,"PPCS24",4,9
"152","Pinar Puebla","PP",3,"12.3.2020","CS25","Cistus salviifolius",18,"PPCS25",4,9
"153","Pinar Puebla","PP",3,"12.3.2020","CS26","Cistus salviifolius",27,"PPCS26",3,12
"154","Pinar Puebla","PP",3,"12.3.2020","CS27","Cistus salviifolius",7,"PPCS27",3,12
"155","Pinar Puebla","PP",3,"12.3.2020","CS28","Cistus salviifolius",8,"PPCS28",3,12
"156","Pinar Puebla","PP",3,"12.3.2020","CS29","Cistus salviifolius",13,"PPCS29",7,12
"157","Pinar Puebla","PP",3,"12.3.2020","CS3","Cistus salviifolius",2,"PPCS3",12,13
"158","Pinar Puebla","PP",3,"12.3.2020","CS30","Cistus salviifolius",24,"PPCS30",9,9
"159","Pinar Puebla","PP",3,"12.3.2020","CS31","Cistus salviifolius",8,"PPCS31",8,9
"160","Pinar Puebla","PP",5,"7.5.2020","cs31","Silene colorata",20,"",8,9
"161","Pinar Puebla","PP",5,"7.5.2020","cs31","Leontodon hispidus",20,"",8,9
"162","Pinar Puebla","PP",5,"7.5.2020","cs31","Echium plantagineum",1,"",8,9
"163","Pinar Puebla","PP",5,"7.5.2020","cs31","Cistus salviifolius",2,"",8,9
"164","Pinar Puebla","PP",6,"26.5.2020","cs31","Cistus salviifolius",12,"",8,9
"165","Pinar Puebla","PP",3,"12.3.2020","CS32","Cistus salviifolius",14,"PPCS32",8,9
"166","Pinar Puebla","PP",3,"12.3.2020","CS33","Cistus salviifolius",8,"PPCS33",6,9
"167","Pinar Puebla","PP",6,"26.5.2020","cs33","Cistus salviifolius",3,"",6,9
"168","Pinar Puebla","PP",3,"12.3.2020","CS34","Cistus salviifolius",4,"PPCS34",6,9
"169","Pinar Puebla","PP",3,"12.3.2020","CS35","Cistus salviifolius",3,"PPCS35",6,9
"170","Pinar Puebla","PP",6,"26.5.2020","cs35","Cistus salviifolius",1,"",6,9
"171","Pinar Puebla","PP",3,"12.3.2020","CS36","Cistus salviifolius",8,"PPCS36",7,7
"172","Pinar Puebla","PP",3,"12.3.2020","CS37","Cistus salviifolius",8,"PPCS37",22,2
"173","Pinar Puebla","PP",3,"12.3.2020","CS38","Cistus salviifolius",6,"PPCS38",22,6
"174","Pinar Puebla","PP",3,"19.4.2020","CS38","Leontodon hispidus",90,"",22,6
"175","Pinar Puebla","PP",3,"19.4.2020","CS38","Erodium foetidum",10,"",22,6
"176","Pinar Puebla","PP",3,"19.4.2020","CS38","Lysimachia arvensis",4,"",22,6
"177","Pinar Puebla","PP",3,"19.4.2020","CS38","Ornithopus sativus",30,"",22,6
"178","Pinar Puebla","PP",3,"19.4.2020","CS38","Phelipanche nama",30,"",22,6
"179","Pinar Puebla","PP",3,"19.4.2020","CS38","Cistus salviifolius",1,"",22,6
"180","Pinar Puebla","PP",6,"26.5.2020","cs38","Cistus salviifolius",2,"",22,6
"181","Pinar Puebla","PP",3,"12.3.2020","CS39","Cistus salviifolius",10,"PPCS39",17,7
"182","Pinar Puebla","PP",3,"12.3.2020","CS4","Cistus salviifolius",11,"PPCS4",10,16
"183","Pinar Puebla","PP",4,"29.4.2020","CS4","Echium plantagineum",3,"",10,16
"184","Pinar Puebla","PP",4,"29.4.2020","CS4","Silene colorata",10,"",10,16
"185","Pinar Puebla","PP",4,"29.4.2020","CS4","Leontodon hispidus",30,"",10,16
"186","Pinar Puebla","PP",4,"29.4.2020","CS4","Cistus salviifolius",1,"",10,16
"187","Pinar Puebla","PP",3,"12.3.2020","CS40","Cistus salviifolius",15,"PPCS40",20,4
"188","Pinar Puebla","PP",6,"26.5.2020","cs40","Cistus salviifolius",2,"",20,4
"189","Pinar Puebla","PP",3,"12.3.2020","CS41","Cistus salviifolius",8,"PPCS41",18,4
"190","Pinar Puebla","PP",6,"26.5.2020","cs41","Cistus salviifolius",3,"",18,4
"191","Pinar Puebla","PP",3,"12.3.2020","CS42","Cistus salviifolius",13,"PPCS42",18,9
"192","Pinar Puebla","PP",3,"12.3.2020","CS43","Cistus salviifolius",9,"PPCS43",18,9
"193","Pinar Puebla","PP",3,"12.3.2020","CS44","Cistus salviifolius",5,"PPCS44",18,9
"194","Pinar Puebla","PP",3,"12.3.2020","CS45","Cistus salviifolius",8,"PPCS45",18,9
"195","Pinar Puebla","PP",3,"12.3.2020","CS46","Cistus salviifolius",4,"PPCS46",22,13
"196","Pinar Puebla","PP",6,"26.5.2020","cs46","Cistus salviifolius",2,"",22,13
"197","Pinar Puebla","PP",3,"12.3.2020","CS47","Cistus salviifolius",28,"PPCS47",22,13
"198","Pinar Puebla","PP",3,"19.4.2020","CS47","Cistus salviifolius",2,"",22,13
"199","Pinar Puebla","PP",3,"12.3.2020","CS5","Cistus salviifolius",4,"PPCS5",12,13
"200","Pinar Puebla","PP",3,"12.3.2020","CS6","Cistus salviifolius",10,"PPCS6",12,13
"201","Pinar Puebla","PP",3,"12.3.2020","CS7","Cistus salviifolius",16,"PPCS7",15,12
"202","Pinar Puebla","PP",3,"19.4.2020","CS9","Cistus salviifolius",1,"",4,9
"203","Pinar Puebla","PP",3,"12.3.2020","LS1","Lavandula stoechas",70,"PPLS1",9,19
"204","Pinar Puebla","PP",3,"19.4.2020","LS1","Lavandula stoechas",60,"",9,19
"205","Pinar Puebla","PP",4,"29.4.2020","LS1","Silene colorata",40,"",9,19
"206","Pinar Puebla","PP",4,"29.4.2020","LS1","Leontodon hispidus",60,"",9,19
"207","Pinar Puebla","PP",4,"29.4.2020","LS1","Lavandula stoechas",25,"",9,19
"208","Pinar Puebla","PP",5,"7.5.2020","ls1","Tuberaria guttata",20,"",9,19
"209","Pinar Puebla","PP",5,"7.5.2020","ls1","Silene colorata",20,"",9,19
"210","Pinar Puebla","PP",5,"7.5.2020","ls1","Lavandula stoechas",10,"",9,19
"211","Pinar Puebla","PP",1,"19.2.2020","LS1","Lavandula stoechas",5,"PPLS1",9,19
"212","Pinar Puebla","PP",3,"19.4.2020","LS2","Lavandula stoechas",7,"PPls2",7,16
"213","Pinar Puebla","PP",3,"12.3.2020","RO2","Rosmarinus officinalis",50,"PPRO2",1,2
"214","Pinar Puebla","PP",5,"7.5.2020","ro2","Silene colorata",30,"",1,2
"215","Pinar Puebla","PP",5,"7.5.2020","ro2","Leontodon hispidus",20,"",1,2
"216","Pinar Puebla","PP",5,"7.5.2020","ro2","Rosmarinus officinalis",1,"",1,2
"217","Pinar Puebla","PP",1,"19.2.2020","RO2","Rosmarinus officinalis",450,"PPRO2",3,5
"218","Villamanrique Chaparral","VC",4,"5.5.2020","cc1","Tuberaria guttata",3,"",7,2
"219","Villamanrique Chaparral","VC",4,"5.5.2020","cc1","Cistus crispus",23,"",7,2
"220","Villamanrique chaparral","VC",5,"20.5.2020","cc1","Cistus crispus",8,"",7,2
"221","Villamanrique Chaparral","VC",4,"5.5.2046","cc10","Cistus crispus",14,"",17,11
"222","Villamanrique chaparral","VC",5,"20.5.2020","cc10","Andryala integrifolia",2,"",17,11
"223","Villamanrique chaparral","VC",5,"20.5.2020","cc10","Cistus crispus",40,"",17,11
"224","Villamanrique Chaparral","VC",4,"5.5.2046","cc11","Cistus crispus",10,"",19,10
"225","Villamanrique chaparral","VC",5,"20.5.2020","cc11","Cistus crispus",20,"",19,10
"226","Villamanrique Chaparral","VC",4,"5.5.2046","cc19","Cistus crispus",50,"VCcc19",2,7
"227","Villamanrique Chaparral","VC",4,"5.5.2046","cc2","Tuberaria guttata",2,"",7,2
"228","Villamanrique Chaparral","VC",4,"5.5.2046","cc2","Cistus crispus",18,"",7,2
"229","Villamanrique Chaparral","VC",4,"5.5.2046","cc20","Cistus crispus",22,"VCcc20",2,7
"230","Villamanrique chaparral","VC",5,"20.5.2020","cc20","Cistus crispus",40,"",2,7
"231","Villamanrique chaparral","VC",6,"28.5.2020","cc20","Cistus crispus",20,"",2,7
"232","Villamanrique Chaparral","VC",4,"5.5.2046","cc21","Cistus crispus",11,"VCcc21",4,11
"233","Villamanrique chaparral","VC",5,"20.5.2020","cc21","Andryala integrifolia",2,"",4,11
"234","Villamanrique chaparral","VC",5,"20.5.2020","cc21","Cistus crispus",20,"",4,11
"235","Villamanrique Chaparral","VC",4,"5.5.2046","cc22","Cistus crispus",4,"VCcc22",9,11
"236","Villamanrique chaparral","VC",5,"20.5.2020","cc22","Cistus crispus",16,"",9,11
"237","Villamanrique Chaparral","VC",4,"5.5.2046","cc23","Cistus crispus",15,"VCcc23",9,11
"238","Villamanrique chaparral","VC",5,"20.5.2020","cc24","Cistus crispus",40,"",9,11
"239","Villamanrique chaparral","VC",6,"28.5.2020","cc24","Cistus crispus",25,"",9,11
"240","Villamanrique Chaparral","VC",4,"5.5.2046","cc3","Tuberaria guttata",3,"",6,5
"241","Villamanrique Chaparral","VC",4,"5.5.2046","cc3","Andryala integrifolia",3,"",6,5
"242","Villamanrique Chaparral","VC",4,"5.5.2046","cc3","Cistus crispus",15,"",6,5
"243","Villamanrique chaparral","VC",5,"20.5.2020","cc3","Cistus crispus",20,"",6,5
"244","Villamanrique Chaparral","VC",4,"5.5.2046","cc4","Cistus crispus",7,"",9,3
"245","Villamanrique chaparral","VC",5,"20.5.2020","cc4","Cistus crispus",5,"",9,3
"246","Villamanrique Chaparral","VC",4,"5.5.2046","cc6","Cistus crispus",80,"",9,3
"247","Villamanrique chaparral","VC",5,"20.5.2020","cc6","Andryala integrifolia",1,"",9,3
"248","Villamanrique chaparral","VC",5,"20.5.2020","cc6","Cistus crispus",40,"",9,3
"249","Villamanrique chaparral","VC",6,"28.5.2020","cc6","Cistus crispus",8,"",9,3
"250","Villamanrique Chaparral","VC",4,"5.5.2046","cc7","Cistus crispus",60,"",11,6
"251","Villamanrique chaparral","VC",6,"28.5.2020","cc7","Cistus crispus",18,"",11,6
"252","Villamanrique Chaparral","VC",4,"5.5.2046","cc8","Cistus crispus",34,"",17,11
"253","Villamanrique chaparral","VC",5,"20.5.2020","cc8","Cistus crispus",30,"",17,11
"254","Villamanrique chaparral","VC",6,"28.5.2020","cc8","Cistus crispus",1,"",17,11
"255","Villamanrique Chaparral","VC",4,"5.5.2046","cc9","Cistus crispus",25,"",17,11
"256","Villamanrique Chaparral","VC",4,"5.5.2046","cs13","Cistus salviifolius",0,"",15,12
"257","Villamanrique chaparral","VC",6,"28.5.2020","cs13","Cistus salviifolius",10,"",15,12
"258","Villamanrique Chaparral","VC",4,"5.5.2046","cs15","Cistus salviifolius",3,"",24,15
"259","Villamanrique Chaparral","VC",4,"5.5.2046","cs16","Cistus salviifolius",2,"",24,15
"260","Villamanrique chaparral","VC",6,"28.5.2020","cs16","Cistus salviifolius",12,"",24,15
"261","Villamanrique Chaparral","VC",4,"5.5.2046","cs17","Cistus salviifolius",3,"",24,15
"262","Villamanrique Chaparral","VC",4,"5.5.2046","cs18","Cistus salviifolius",8,"VCcs18,18,20",9,6
"263","Villamanrique chaparral","VC",5,"20.5.2020","cs18","Cistus salviifolius",0,"",9,6
"264","Villamanrique chaparral","VC",6,"28.5.2020","cs18","Cistus salviifolius",3,"",9,6
"265","Villamanrique Chaparral","VC",4,"5.5.2046","cs19","Cistus salviifolius",3,"VCcs18,18,20",9,6
"266","Villamanrique chaparral","VC",5,"20.5.2020","cs19","Cistus salviifolius",0,"",9,6
"267","Villamanrique chaparral","VC",6,"28.5.2020","cs19","Andryala integrifolia",8,"",9,6
"268","Villamanrique chaparral","VC",6,"28.5.2020","cs19","Cistus salviifolius",1,"",9,6
"269","Villamanrique Chaparral","VC",4,"5.5.2046","cs20","Cistus salviifolius",1,"VCcs18,18,20",9,6
"270","Villamanrique chaparral","VC",5,"20.5.2020","cs20","Cistus salviifolius",0,"",9,6
"271","Villamanrique chaparral","VC",6,"28.5.2020","cs20","Cistus salviifolius",2,"",9,6
"272","Villamanrique chaparral","VC",6,"28.5.2020","cs3","Cistus salviifolius",2,"",4,5
"273","Villamanrique chaparral","VC",5,"20.5.2020","cs5","Andryala integrifolia",10,"",7,7
"274","Villamanrique chaparral","VC",5,"20.5.2020","cs5","Cistus salviifolius",3,"",7,7
"275","Villamanrique Chaparral","VC",4,"5.5.2046","cs7","Cistus salviifolius",1,"",11,12
"276","Villamanrique chaparral","VC",5,"20.5.2020","cs7","Cistus salviifolius",2,"",11,12
"277","Villamanrique Chaparral","VC",4,"5.5.2046","cs9","Cistus salviifolius",1,"",11,16
"278","Villamanrique chaparral","VC",6,"28.5.2020","cs9","Cistus salviifolius",1,"",11,16
"279","Villamanrique Chaparral","VC",1,"21.2.2020","RO1","Rosmarinus officinalis",80,"VCRO1",18,7
"280","Villamanrique Chaparral","VC",2,"3.3.2020","RO1","Rosmarinus officinalis",340,"VCRO1",18,7
"281","Villamanrique Chaparral","VC",1,"21.2.2020","RO2","Rosmarinus officinalis",140,"VCRO2",4,2
"282","Villamanrique Chaparral","VC",2,"3.3.2020","RO2","Rosmarinus officinalis",280,"VCRO2",4,2
"283","Villamanrique Chaparral","VC",1,"21.2.2020","RO3","Rosmarinus officinalis",60,"VCRO3",10,4
"284","Villamanrique Chaparral","VC",2,"3.3.2020","RO3","Rosmarinus officinalis",120,"VCRO3",10,4
"285","Villamanrique Chaparral","VC",1,"21.2.2020","RO4","Rosmarinus officinalis",200,"VCRO4",24,7
"286","Villamanrique Chaparral","VC",2,"3.3.2020","RO4","Rosmarinus officinalis",160,"VCRO4",24,7
"287","Villamanrique Chaparral","VC",1,"21.2.2020","RO5","Rosmarinus officinalis",30,"VCRO5",6,20
"288","Villamanrique Chaparral","VC",2,"3.3.2020","RO5","Rosmarinus officinalis",250,"VCRO5",6,20
"289","Villamanrique Chaparral","VC",2,"3.3.2020","RO6","Rosmarinus officinalis",50,"VCRO6",16,14
"290","Villamanrique Chaparral","VC",2,"3.3.2020","RO7","Rosmarinus officinalis",140,"VCRO7",13,7
"291","Villamanrique Chaparrral","VC",3,"24.4.2020","CC1","Cistus crispus",4,"VCCC1,2",7,2
"292","Villamanrique Chaparrral","VC",3,"24.4.2020","CC10","Cistus crispus",1,"VCCC10",17,11
"293","Villamanrique Chaparrral","VC",3,"24.4.2020","CC11","Cistus crispus",3,"VCCC11",19,10
"294","Villamanrique Chaparrral","VC",3,"24.4.2020","CC12","Cistus crispus",5,"VCCC12",19,10
"295","Villamanrique Chaparrral","VC",3,"24.4.2020","CC13","Cistus crispus",4,"VCCC13",19,10
"296","Villamanrique Chaparrral","VC",3,"24.4.2020","CC14","Cistus crispus",12,"VCCC14",1,9
"297","Villamanrique Chaparrral","VC",3,"24.4.2020","CC15","Cistus crispus",4,"VCCC15",2,9
"298","Villamanrique Chaparrral","VC",3,"24.4.2020","CC16","Cistus crispus",10,"VCCC16,17,18",2,9
"299","Villamanrique Chaparrral","VC",3,"24.4.2020","CC17","Cistus crispus",6,"VCCC16,17,18",2,9
"300","Villamanrique Chaparrral","VC",3,"24.4.2020","CC18","Cistus crispus",13,"VCCC16,17,18",2,9
"301","Villamanrique Chaparrral","VC",3,"24.4.2020","CC2","Cistus crispus",2,"VCCC1,2",7,2
"302","Villamanrique Chaparrral","VC",3,"24.4.2020","CC3","Cistus crispus",1,"VCCC3",6,5
"303","Villamanrique Chaparrral","VC",3,"24.4.2020","CC4","Cistus crispus",1,"VCCC4",9,3
"304","Villamanrique Chaparrral","VC",3,"24.4.2020","CC5","Cistus crispus",15,"VCCC5",9,3
"305","Villamanrique Chaparrral","VC",3,"24.4.2020","CC6","Cistus crispus",17,"VCCC6",9,3
"306","Villamanrique Chaparrral","VC",3,"24.4.2020","CC7","Cistus crispus",7,"VCCC7",11,6
"307","Villamanrique Chaparrral","VC",3,"24.4.2020","CC8","Cistus crispus",5,"VCCC8",17,11
"308","Villamanrique Chaparrral","VC",3,"24.4.2020","CC9","Cistus crispus",18,"VCCC9",17,11
"309","Villamanrique Chaparrral","VC",3,"24.4.2020","CS1","Cistus salviifolius",1,"VCCS1",0,4
"310","Villamanrique Chaparrral","VC",3,"24.4.2020","CS10","Cistus salviifolius",12,"VCCS10",11,16
"311","Villamanrique Chaparrral","VC",3,"24.4.2020","CS11","Cistus salviifolius",2,"VCCS11,12",10,12
"312","Villamanrique Chaparrral","VC",3,"24.4.2020","CS12","Cistus salviifolius",3,"VCCS11,12",10,12
"313","Villamanrique Chaparrral","VC",3,"24.4.2020","CS13","Cistus salviifolius",3,"VCCS13",15,12
"314","Villamanrique Chaparrral","VC",3,"24.4.2020","CS14","Cistus salviifolius",3,"VCCS14",24,11
"315","Villamanrique Chaparrral","VC",3,"24.4.2020","CS15","Cistus salviifolius",3,"VCCS15",24,15
"316","Villamanrique Chaparrral","VC",3,"24.4.2020","CS16","Cistus salviifolius",2,"VCCS16",24,15
"317","Villamanrique Chaparrral","VC",3,"24.4.2020","CS2","Cistus salviifolius",2,"VCCS2",0,4
"318","Villamanrique Chaparrral","VC",3,"24.4.2020","CS3","Cistus salviifolius",3,"VCCS3",4,5
"319","Villamanrique Chaparrral","VC",3,"24.4.2020","CS4","Cistus salviifolius",3,"VCCS4",4,5
"320","Villamanrique Chaparrral","VC",3,"24.4.2020","CS5","Cistus salviifolius",4,"VCCS5",7,7
"321","Villamanrique Chaparrral","VC",3,"24.4.2020","CS6","Cistus salviifolius",7,"VCCS6",10,9
"322","Villamanrique Chaparrral","VC",3,"24.4.2020","CS7","Cistus salviifolius",7,"VCCS7",11,12
"323","Villamanrique Chaparrral","VC",3,"24.4.2020","CS8","Cistus salviifolius",4,"VCCS8",11,14
"324","Villamanrique Chaparrral","VC",3,"24.4.2020","CS9","Cistus salviifolius",11,"VCCS9",11,16
"325","Villamanrique Chaparrral","VC",3,"24.4.2020","RO2","Rosmarinus officinalis",8,"PACS1",4,2
"326","Villamanrique Sur","VS",2,"4.3.2020","AR","Asphodelus racemosus",90,"",14,21
"327","Villamanrique Sur","VS",3,"23.4.2020","CC1","Leontodon hispidus",20,"VSCC1",20,16
"328","Villamanrique Sur","VS",3,"23.4.2020","CC1","Lysimachia arvensis",4,"VSCC1",20,16
"329","Villamanrique Sur","VS",3,"23.4.2020","CC1","Cistus crispus",30,"VSCC1",20,16
"330","Villamanrique Sur","VS",4,"4.5.2020","cc1","Tuberaria guttata",22,"",20,16
"331","Villamanrique Sur","VS",4,"4.5.2020","cc1","Cistus crispus",80,"",20,16
"332","Villamanrique Sur","VS",5,"19.5.2020","CC1","Silene colorata",1,"",20,16
"333","Villamanrique Sur","VS",5,"19.5.2020","CC1","Anthemis arvensis",15,"",20,16
"334","Villamanrique Sur","VS",5,"19.5.2020","CC1","Andryala integrifolia",15,"",20,16
"335","Villamanrique Sur","VS",5,"19.5.2020","CC1","Cistus crispus",70,"",20,16
"336","Villamanrique Sur","VS",6,"27.5.2020","cc1","Leontodon hispidus",5,"",20,16
"337","Villamanrique Sur","VS",6,"27.5.2020","cc1","Andryala integrifolia",46,"",20,16
"338","Villamanrique Sur","VS",6,"27.5.2020","cc1","Anthemis arvensis",3,"",20,16
"339","Villamanrique Sur","VS",6,"27.5.2020","cc1","Tolpis barbata",4,"",20,16
"340","Villamanrique Sur","VS",6,"27.5.2020","cc1","Silene colorata",5,"",20,16
"341","Villamanrique Sur","VS",6,"27.5.2020","cc1","Cistus crispus",20,"",20,16
"342","Villamanrique Sur","VS",3,"23.4.2020","CC2","Cistus crispus",3,"VSCC2",18,14
"343","Villamanrique Sur","VS",4,"4.5.2020","cc2","Tuberaria guttata",26,"",18,14
"344","Villamanrique Sur","VS",4,"4.5.2020","cc2","Silene colorata",30,"",18,14
"345","Villamanrique Sur","VS",4,"4.5.2020","cc2","Ornithopus sativus",10,"",18,14
"346","Villamanrique Sur","VS",4,"4.5.2020","cc2","Tolpis barbata",3,"",18,14
"347","Villamanrique Sur","VS",4,"4.5.2020","cc2","Cistus crispus",13,"",18,14
"348","Villamanrique Sur","VS",5,"19.5.2020","CC2","Andryala integrifolia",2,"",18,14
"349","Villamanrique Sur","VS",5,"19.5.2020","CC2","Leontodon hispidus",15,"",18,14
"350","Villamanrique Sur","VS",5,"19.5.2020","CC2","Cistus crispus",20,"",18,14
"351","Villamanrique Sur","VS",2,"4.3.2020","CS1","Cistus salviifolius",2,"VSCS1",13,17
"352","Villamanrique Sur","VS",3,"23.4.2020","CS1","Cistus salviifolius",0,"",13,17
"353","Villamanrique Sur","VS",5,"19.5.2020","cs1","Tolpis barbata",2,"",13,17
"354","Villamanrique Sur","VS",5,"19.5.2020","cs1","Tuberaria guttata",4,"",13,17
"355","Villamanrique Sur","VS",5,"19.5.2020","cs1","Silene colorata",6,"",13,17
"356","Villamanrique Sur","VS",5,"19.5.2020","cs1","Leontodon hispidus",10,"",13,17
"357","Villamanrique Sur","VS",5,"19.5.2020","cs1","Cistus salviifolius",2,"",13,17
"358","Villamanrique Sur","VS",6,"27.5.2020","cs1","Cistus salviifolius",9,"",13,17
"359","Villamanrique Sur","VS",3,"23.4.2020","CS10","Cistus salviifolius",6,"",11,15
"360","Villamanrique Sur","VS",6,"27.5.2020","cs10","Cistus salviifolius",8,"",11,15
"361","Villamanrique Sur","VS",3,"23.4.2020","CS11","Cistus salviifolius",9,"",13,22
"362","Villamanrique Sur","VS",4,"4.5.2020","cs11","Cistus salviifolius",15,"",13,22
"363","Villamanrique Sur","VS",3,"23.4.2020","CS12","Cistus salviifolius",10,"",4,24
"364","Villamanrique Sur","VS",4,"4.5.2020","cs13","Cistus salviifolius",7,"VSCS13",2,4
"365","Villamanrique Sur","VS",4,"4.5.2020","cs14","Cistus salviifolius",5,"VSCS14",10,21
"366","Villamanrique Sur","VS",5,"19.5.2020","cs14","Cistus salviifolius",6,"",10,21
"367","Villamanrique Sur","VS",6,"27.5.2020","cs14","Cistus salviifolius",30,"",10,21
"368","Villamanrique Sur","VS",2,"4.3.2020","CS2","Cistus salviifolius",1,"VSCS2",13,17
"369","Villamanrique Sur","VS",3,"23.4.2020","CS2","Cistus salviifolius",0,"",13,17
"370","Villamanrique Sur","VS",2,"4.3.2020","CS3","Cistus salviifolius",1,"VSCS3",13,17
"371","Villamanrique Sur","VS",2,"4.3.2020","CS4","Cistus salviifolius",4,"VSCS4",9,18
"372","Villamanrique Sur","VS",3,"23.4.2020","CS4","Cistus salviifolius",1,"",9,18
"373","Villamanrique Sur","VS",5,"19.5.2020","cs4","Tuberaria guttata",14,"",9,18
"374","Villamanrique Sur","VS",5,"19.5.2020","cs4","Andryala integrifolia",4,"",9,18
"375","Villamanrique Sur","VS",5,"19.5.2020","cs4","Cistus salviifolius",35,"",9,18
"376","Villamanrique Sur","VS",6,"27.5.2020","cs4","Cistus salviifolius",30,"",9,18
"377","Villamanrique Sur","VS",2,"4.3.2020","CS5","Cistus salviifolius",2,"VSCS5",9,18
"378","Villamanrique Sur","VS",4,"4.5.2020","cs5","Cistus salviifolius",0,"",9,18
"379","Villamanrique Sur","VS",5,"19.5.2020","cs5","Cistus salviifolius",21,"",9,18
"380","Villamanrique Sur","VS",2,"4.3.2020","CS6","Cistus salviifolius",3,"VSCS6",14,14
"381","Villamanrique Sur","VS",3,"23.4.2020","CS7","Cistus salviifolius",5,"",9,14
"382","Villamanrique Sur","VS",3,"23.4.2020","CS8","Cistus salviifolius",12,"",11,15
"383","Villamanrique Sur","VS",3,"23.4.2020","CS9","Cistus salviifolius",10,"",11,15
"384","Villamanrique Sur","VS",5,"19.5.2020","cs9","Cistus salviifolius",3,"",11,15
"385","Villamanrique Sur","VS",6,"27.5.2020","cs9","Cistus salviifolius",10,"",11,15
"386","Villamanrique Sur","VS",3,"23.4.2020","HH1","Tuberaria guttata",3,"VSHH1",18,14
"387","Villamanrique Sur","VS",3,"23.4.2020","HH1","Leontodon hispidus",6,"VSHH1",18,14
"388","Villamanrique Sur","VS",3,"23.4.2020","HH1","Halimium halimifolium",20,"VSHH1",18,14
"389","Villamanrique Sur","VS",4,"4.5.2020","hh1","Tuberaria guttata",6,"",18,14
"390","Villamanrique Sur","VS",4,"4.5.2020","hh1","Leontodon hispidus",20,"",18,14
"391","Villamanrique Sur","VS",4,"4.5.2020","hh1","Halimium halimifolium",20,"",18,14
"392","Villamanrique Sur","VS",5,"19.5.2020","hh1","Halimium halimifolium",80,"",18,14
"393","Villamanrique Sur","VS",6,"27.5.2020","hh1","Halimium halimifolium",40,"",18,14
"394","Villamanrique Sur","VS",3,"23.4.2020","HH10","Halimium halimifolium",15,"VSHH10",5,4
"395","Villamanrique Sur","VS",4,"4.5.2020","hh10","Halimium halimifolium",60,"",5,4
"396","Villamanrique Sur","VS",3,"23.4.2020","HH11","Halimium halimifolium",20,"VSHH11",5,4
"397","Villamanrique Sur","VS",4,"4.5.2020","hh11","Halimium halimifolium",40,"",5,4
"398","Villamanrique Sur","VS",3,"23.4.2020","HH12","Halimium halimifolium",10,"VSHH12",5,4
"399","Villamanrique Sur","VS",4,"4.5.2020","hh12","Halimium halimifolium",30,"",5,4
"400","Villamanrique Sur","VS",3,"23.4.2020","HH13","Halimium halimifolium",18,"VSHH13",5,4
"401","Villamanrique Sur","VS",4,"4.5.2020","hh13","Halimium halimifolium",50,"",5,4
"402","Villamanrique Sur","VS",6,"27.5.2020","hh13","Halimium halimifolium",45,"",5,4
"403","Villamanrique Sur","VS",3,"23.4.2020","HH14","Halimium halimifolium",40,"VSHH14",5,4
"404","Villamanrique Sur","VS",4,"4.5.2020","hh14","Halimium halimifolium",100,"",5,4
"405","Villamanrique Sur","VS",3,"23.4.2020","HH15","Halimium halimifolium",20,"VSHH15",1,9
"406","Villamanrique Sur","VS",4,"4.5.2020","hh15","Halimium halimifolium",10,"",1,9
"407","Villamanrique Sur","VS",5,"19.5.2020","hh15","Halimium halimifolium",40,"",1,9
"408","Villamanrique Sur","VS",6,"27.5.2020","hh15","Halimium halimifolium",30,"",1,9
"409","Villamanrique Sur","VS",3,"23.4.2020","HH16","Halimium halimifolium",30,"VSHH16",1,9
"410","Villamanrique Sur","VS",5,"19.5.2020","hh16","Halimium halimifolium",120,"",1,9
"411","Villamanrique Sur","VS",6,"27.5.2020","hh16","Halimium halimifolium",20,"",1,9
"412","Villamanrique Sur","VS",3,"23.4.2020","HH17","Halimium halimifolium",35,"VSHH17",7,2
"413","Villamanrique Sur","VS",4,"4.5.2020","hh17","Halimium halimifolium",100,"VSHH17",7,2
"414","Villamanrique Sur","VS",3,"23.4.2020","HH18","Halimium halimifolium",16,"VSHH18",0,1
"415","Villamanrique Sur","VS",4,"4.5.2020","hh18","Halimium halimifolium",180,"VSHH18",0,1
"416","Villamanrique Sur","VS",4,"4.5.2020","hh19","Halimium halimifolium",140,"VSHH19",3,4
"417","Villamanrique Sur","VS",3,"23.4.2020","HH2","Tolpis barbata",2,"VSHH2",18,14
"418","Villamanrique Sur","VS",3,"23.4.2020","HH2","Leontodon hispidus",20,"VSHH2",18,14
"419","Villamanrique Sur","VS",3,"23.4.2020","HH2","Tuberaria guttata",4,"VSHH2",18,14
"420","Villamanrique Sur","VS",3,"23.4.2020","HH2","Halimium halimifolium",25,"VSHH2",18,14
"421","Villamanrique Sur","VS",5,"19.5.2020","hh2","Halimium halimifolium",25,"",18,14
"422","Villamanrique Sur","VS",6,"27.5.2020","hh2","Halimium halimifolium",25,"",18,14
"423","Villamanrique Sur","VS",4,"4.5.2020","hh20","Halimium halimifolium",60,"VSHH20",3,4
"424","Villamanrique Sur","VS",5,"19.5.2020","hh20","Halimium halimifolium",80,"",3,4
"425","Villamanrique Sur","VS",6,"27.5.2020","hh20","Halimium halimifolium",35,"",3,4
"426","Villamanrique Sur","VS",4,"4.5.2020","hh21","Halimium halimifolium",25,"VSHH21",3,4
"427","Villamanrique Sur","VS",6,"27.5.2020","hh21","Halimium halimifolium",40,"",3,4
"428","Villamanrique Sur","VS",4,"4.5.2020","hh22","Halimium halimifolium",20,"VSHH22",8,17
"429","Villamanrique Sur","VS",6,"27.5.2020","hh22","Halimium halimifolium",6,"",8,17
"430","Villamanrique Sur","VS",4,"4.5.2020","hh23","Halimium halimifolium",30,"VSHH23",6,21
"431","Villamanrique Sur","VS",6,"27.5.2020","hh23","Halimium halimifolium",17,"",6,21
"432","Villamanrique Sur","VS",4,"4.5.2020","hh24","Halimium halimifolium",17,"VSHH24",6,21
"433","Villamanrique Sur","VS",5,"19.5.2020","hh24","Halimium halimifolium",33,"",6,21
"434","Villamanrique Sur","VS",4,"4.5.2020","hh25","Halimium halimifolium",30,"VSHH25",9,15
"435","Villamanrique Sur","VS",5,"19.5.2020","hh25","Halimium halimifolium",20,"",9,15
"436","Villamanrique Sur","VS",3,"23.4.2020","HH3","Tuberaria guttata",6,"VSHH3",9,12
"437","Villamanrique Sur","VS",3,"23.4.2020","HH3","Silene colorata",3,"VSHH3",9,12
"438","Villamanrique Sur","VS",3,"23.4.2020","HH3","Leontodon hispidus",50,"VSHH3",9,12
"439","Villamanrique Sur","VS",3,"23.4.2020","HH3","Halimium halimifolium",30,"VSHH3",9,12
"440","Villamanrique Sur","VS",4,"4.5.2020","hh3","Andryala integrifolia",3,"",9,12
"441","Villamanrique Sur","VS",4,"4.5.2020","hh3","Tuberaria guttata",8,"",9,12
"442","Villamanrique Sur","VS",4,"4.5.2020","hh3","Tolpis barbata",2,"",9,12
"443","Villamanrique Sur","VS",4,"4.5.2020","hh3","Silene colorata",7,"",9,12
"444","Villamanrique Sur","VS",4,"4.5.2020","hh3","Leontodon hispidus",7,"",9,12
"445","Villamanrique Sur","VS",4,"4.5.2020","hh3","Halimium halimifolium",100,"",9,12
"446","Villamanrique Sur","VS",3,"23.4.2020","HH4","Halimium halimifolium",6,"VSHH4",10,10
"447","Villamanrique Sur","VS",5,"19.5.2020","hh4","Halimium halimifolium",100,"",10,10
"448","Villamanrique Sur","VS",3,"23.4.2020","HH5","Halimium halimifolium",30,"VSHH5",10,10
"449","Villamanrique Sur","VS",3,"23.4.2020","HH6","Halimium halimifolium",40,"VSHH6",9,4
"450","Villamanrique Sur","VS",4,"4.5.2020","hh6","Tolpis barbata",2,"",9,4
"451","Villamanrique Sur","VS",4,"4.5.2020","hh6","Leontodon hispidus",3,"",9,4
"452","Villamanrique Sur","VS",4,"4.5.2020","hh6","Halimium halimifolium",60,"",9,4
"453","Villamanrique Sur","VS",3,"23.4.2020","HH7","Halimium halimifolium",20,"VSHH7",9,4
"454","Villamanrique Sur","VS",4,"4.5.2020","hh7","Halimium halimifolium",120,"",9,4
"455","Villamanrique Sur","VS",3,"23.4.2020","HH8","Halimium halimifolium",30,"VSHH8",9,4
"456","Villamanrique Sur","VS",4,"4.5.2020","hh8","Halimium halimifolium",100,"",9,4
"457","Villamanrique Sur","VS",5,"19.5.2020","hh8","Halimium halimifolium",120,"",9,4
"458","Villamanrique Sur","VS",3,"23.4.2020","HH9","Halimium halimifolium",60,"VSHH9",9,4
"459","Villamanrique Sur","VS",4,"4.5.2020","hh9","Halimium halimifolium",110,"",14,21
"460","Villamanrique Sur","VS",2,"4.3.2020","LS1","Lavandula stoechas",34,"VSLS1",14,21
"461","Villamanrique Sur","VS",3,"23.4.2020","LS1","Lavandula stoechas",56,"",9,4
