Year,Day_ISO,Week_ISO,Week,Periodo_hora,Bosque,Codigo_vuelo,Codigo_within_sequence,Polinizador,Planta,X,Y
2020,52,08,1,NA,Villamanrique Chaparral,1,1,Apis_mellifera,Rosmarinus_officinalis,10,4
2020,52,08,1,NA,Villamanrique Chaparral,1,2,Apis_mellifera,Rosmarinus_officinalis,10,4
2020,52,08,1,NA,Villamanrique Chaparral,2,1,Apis_mellifera,Rosmarinus_officinalis,18,7
2020,52,08,1,NA,Villamanrique Chaparral,3,1,Apis_mellifera,Rosmarinus_officinalis,18,7
2020,52,08,1,NA,Villamanrique Chaparral,4,1,Apis_mellifera,Rosmarinus_officinalis,4,2
2020,52,08,1,NA,Villamanrique Chaparral,4,2,Apis_mellifera,Rosmarinus_officinalis,4,2
2020,52,08,1,NA,Villamanrique Chaparral,4,3,Apis_mellifera,Rosmarinus_officinalis,4,2
2020,52,08,1,NA,Villamanrique Chaparral,4,4,Apis_mellifera,Rosmarinus_officinalis,4,2
2020,52,08,1,NA,Villamanrique Chaparral,4,5,Apis_mellifera,Rosmarinus_officinalis,4,2
2020,52,08,1,NA,Villamanrique Chaparral,5,1,Apis_mellifera,Rosmarinus_officinalis,4,2
2020,52,08,1,NA,Villamanrique Chaparral,5,2,Apis_mellifera,Rosmarinus_officinalis,4,2
2020,52,08,1,NA,Villamanrique Chaparral,5,3,Apis_mellifera,Rosmarinus_officinalis,4,2
2020,52,08,1,NA,Villamanrique Chaparral,5,4,Apis_mellifera,Rosmarinus_officinalis,4,2
2020,52,08,1,NA,Villamanrique Chaparral,5,5,Apis_mellifera,Rosmarinus_officinalis,4,2
2020,52,08,1,NA,Villamanrique Chaparral,5,6,Apis_mellifera,Rosmarinus_officinalis,4,2
2020,52,08,1,NA,Villamanrique Chaparral,5,7,Apis_mellifera,Rosmarinus_officinalis,4,2
2020,52,08,1,NA,Villamanrique Chaparral,5,8,Apis_mellifera,Rosmarinus_officinalis,4,2
2020,52,08,1,NA,Villamanrique Chaparral,5,9,Apis_mellifera,Rosmarinus_officinalis,4,2
2020,52,08,1,NA,Villamanrique Chaparral,5,10,Apis_mellifera,Rosmarinus_officinalis,4,2
2020,52,08,1,NA,Villamanrique Chaparral,5,11,Apis_mellifera,Rosmarinus_officinalis,4,2
2020,52,08,1,NA,Villamanrique Chaparral,5,12,Apis_mellifera,Rosmarinus_officinalis,4,2
2020,52,08,1,NA,Villamanrique Chaparral,5,13,Apis_mellifera,Rosmarinus_officinalis,4,2
2020,52,08,1,NA,Villamanrique Chaparral,5,14,Apis_mellifera,Rosmarinus_officinalis,4,2
2020,52,08,1,NA,Villamanrique Chaparral,5,15,Apis_mellifera,Rosmarinus_officinalis,4,2
2020,52,08,1,NA,Villamanrique Chaparral,5,16,Apis_mellifera,Rosmarinus_officinalis,4,2
2020,52,08,1,NA,Villamanrique Chaparral,5,17,Apis_mellifera,Rosmarinus_officinalis,4,2
2020,52,08,1,NA,Villamanrique Chaparral,5,18,Apis_mellifera,Rosmarinus_officinalis,4,2
2020,52,08,1,NA,Villamanrique Chaparral,5,19,Apis_mellifera,Rosmarinus_officinalis,4,2
2020,52,08,1,NA,Villamanrique Chaparral,5,20,Apis_mellifera,Rosmarinus_officinalis,4,2
2020,52,08,1,NA,Villamanrique Chaparral,5,21,Apis_mellifera,Rosmarinus_officinalis,4,2
2020,52,08,1,NA,Villamanrique Chaparral,6,1,Apis_mellifera,Rosmarinus_officinalis,10,4
2020,52,08,1,NA,Villamanrique Chaparral,6,2,Apis_mellifera,Rosmarinus_officinalis,10,4
2020,52,08,1,NA,Villamanrique Chaparral,6,3,Apis_mellifera,Rosmarinus_officinalis,4,2
2020,52,08,1,NA,Villamanrique Chaparral,6,4,Apis_mellifera,Rosmarinus_officinalis,4,2
2020,52,08,1,NA,Villamanrique Chaparral,7,1,Apis_mellifera,Rosmarinus_officinalis,4,2
2020,52,08,1,NA,Villamanrique Chaparral,7,2,Apis_mellifera,Rosmarinus_officinalis,4,2
2020,52,08,1,NA,Villamanrique Chaparral,7,3,Apis_mellifera,Rosmarinus_officinalis,4,2
2020,52,08,1,NA,Villamanrique Chaparral,7,4,Apis_mellifera,Rosmarinus_officinalis,4,2
2020,52,08,1,NA,Villamanrique Chaparral,7,5,Apis_mellifera,Rosmarinus_officinalis,4,2
2020,52,08,1,NA,Villamanrique Chaparral,7,6,Apis_mellifera,Rosmarinus_officinalis,4,2
2020,52,08,1,NA,Villamanrique Chaparral,7,7,Apis_mellifera,Rosmarinus_officinalis,4,2
2020,52,08,1,NA,Villamanrique Chaparral,7,8,Apis_mellifera,Rosmarinus_officinalis,4,2
2020,52,08,1,NA,Villamanrique Chaparral,7,9,Apis_mellifera,Rosmarinus_officinalis,4,2
2020,52,08,1,NA,Villamanrique Chaparral,7,10,Apis_mellifera,Rosmarinus_officinalis,4,2
2020,52,08,1,NA,Villamanrique Chaparral,7,11,Apis_mellifera,Rosmarinus_officinalis,4,2
2020,52,08,1,NA,Villamanrique Chaparral,7,12,Apis_mellifera,Rosmarinus_officinalis,4,2
2020,52,08,1,NA,Villamanrique Chaparral,7,13,Apis_mellifera,Rosmarinus_officinalis,4,2
2020,52,08,1,NA,Villamanrique Chaparral,7,14,Apis_mellifera,Rosmarinus_officinalis,4,2
2020,52,08,1,NA,Villamanrique Chaparral,7,15,Apis_mellifera,Rosmarinus_officinalis,4,2
2020,52,08,1,NA,Villamanrique Chaparral,7,16,Apis_mellifera,Rosmarinus_officinalis,4,2
2020,52,08,1,NA,Villamanrique Chaparral,7,17,Apis_mellifera,Rosmarinus_officinalis,4,2
2020,52,08,1,NA,Villamanrique Chaparral,7,18,Apis_mellifera,Rosmarinus_officinalis,4,2
2020,52,08,1,NA,Villamanrique Chaparral,7,19,Apis_mellifera,Rosmarinus_officinalis,4,2
2020,52,08,1,NA,Villamanrique Chaparral,7,20,Apis_mellifera,Rosmarinus_officinalis,4,2
2020,52,08,1,NA,Villamanrique Chaparral,8,1,Apis_mellifera,Rosmarinus_officinalis,4,2
2020,52,08,1,NA,Villamanrique Chaparral,8,2,Apis_mellifera,Rosmarinus_officinalis,4,2
2020,52,08,1,NA,Villamanrique Chaparral,8,3,Apis_mellifera,Rosmarinus_officinalis,4,2
2020,52,08,1,NA,Villamanrique Chaparral,8,4,Apis_mellifera,Rosmarinus_officinalis,4,2
2020,52,08,1,NA,Villamanrique Chaparral,8,5,Apis_mellifera,Rosmarinus_officinalis,4,2
2020,52,08,1,NA,Villamanrique Chaparral,8,6,Apis_mellifera,Rosmarinus_officinalis,4,2
2020,52,08,1,NA,Villamanrique Chaparral,8,7,Apis_mellifera,Rosmarinus_officinalis,4,2
2020,52,08,1,NA,Villamanrique Chaparral,8,8,Apis_mellifera,Rosmarinus_officinalis,4,2
2020,52,08,1,NA,Villamanrique Chaparral,9,1,Apis_mellifera,Rosmarinus_officinalis,4,2
2020,52,08,1,NA,Villamanrique Chaparral,9,2,Apis_mellifera,Rosmarinus_officinalis,4,2
2020,52,08,1,NA,Villamanrique Chaparral,9,3,Apis_mellifera,Rosmarinus_officinalis,4,2
2020,52,08,1,NA,Villamanrique Chaparral,9,4,Apis_mellifera,Rosmarinus_officinalis,4,2
2020,52,08,1,NA,Villamanrique Chaparral,9,5,Apis_mellifera,Rosmarinus_officinalis,4,2
2020,52,08,1,NA,Villamanrique Chaparral,9,6,Apis_mellifera,Rosmarinus_officinalis,4,2
2020,52,08,1,NA,Villamanrique Chaparral,9,7,Apis_mellifera,Rosmarinus_officinalis,4,2
2020,56,09,1,NA,Villamanrique Sur,10,1,Apis_mellifera,Asphodelus_racemosus,14,21
2020,56,09,1,NA,Villamanrique Sur,10,2,Apis_mellifera,Asphodelus_racemosus,14,21
2020,56,09,1,NA,Villamanrique Sur,11,1,Apis_mellifera,Asphodelus_racemosus,14,21
2020,56,09,1,NA,Villamanrique Sur,11,2,Apis_mellifera,Asphodelus_racemosus,14,21
2020,56,09,1,NA,Villamanrique Sur,11,3,Apis_mellifera,Asphodelus_racemosus,14,21
2020,56,09,1,NA,Villamanrique Sur,12,1,Anthophora_dispar,Asphodelus_racemosus,14,21
2020,56,09,1,NA,Villamanrique Sur,13,1,Apis_mellifera,Asphodelus_racemosus,14,21
2020,56,09,1,NA,Villamanrique Sur,13,2,Apis_mellifera,Asphodelus_racemosus,14,21
2020,56,09,1,NA,Villamanrique Sur,13,3,Apis_mellifera,Asphodelus_racemosus,14,21
2020,56,09,1,NA,Villamanrique Sur,14,1,Syrphidae_3,Asphodelus_racemosus,14,21
2020,56,09,1,NA,Villamanrique Sur,15,1,Apis_mellifera,Asphodelus_racemosus,14,21
2020,56,09,1,NA,Villamanrique Sur,15,2,Apis_mellifera,Asphodelus_racemosus,14,21
2020,56,09,1,NA,Villamanrique Sur,15,3,Apis_mellifera,Asphodelus_racemosus,14,21
2020,56,09,1,NA,Villamanrique Sur,15,4,Apis_mellifera,Asphodelus_racemosus,14,21
2020,56,09,1,NA,Villamanrique Sur,15,5,Apis_mellifera,Asphodelus_racemosus,14,21
2020,56,09,1,NA,Villamanrique Sur,15,6,Apis_mellifera,Asphodelus_racemosus,14,21
2020,56,09,1,NA,Villamanrique Sur,15,7,Apis_mellifera,Asphodelus_racemosus,14,21
2020,56,09,1,NA,Villamanrique Sur,15,8,Apis_mellifera,Asphodelus_racemosus,14,21
2020,56,09,1,NA,Villamanrique Sur,16,1,Apis_mellifera,Asphodelus_racemosus,14,21
2020,56,09,1,NA,Villamanrique Sur,17,1,Anthophora_dispar,Asphodelus_racemosus,14,21
2020,56,09,1,NA,Villamanrique Sur,18,1,Syrphidae_3,Asphodelus_racemosus,14,21
2020,56,09,1,NA,Villamanrique Sur,19,1,Empis_sp,Asphodelus_racemosus,14,21
2020,56,09,1,NA,Villamanrique Sur,19,2,Empis_sp,Asphodelus_racemosus,14,21
2020,56,09,1,NA,Villamanrique Sur,20,1,Syrphidae_3,Asphodelus_racemosus,14,21
2020,56,09,1,NA,Villamanrique Sur,20,2,Syrphidae_3,Asphodelus_racemosus,14,21
2020,56,09,1,NA,Villamanrique Sur,21,1,Apis_mellifera,Asphodelus_racemosus,14,21
2020,56,09,1,NA,Villamanrique Sur,22,1,Empis_sp,Asphodelus_racemosus,14,21
2020,56,09,1,NA,Villamanrique Sur,23,1,Apis_mellifera,Asphodelus_racemosus,14,21
2020,56,09,1,NA,Villamanrique Sur,23,2,Apis_mellifera,Asphodelus_racemosus,14,21
2020,56,09,1,NA,Villamanrique Sur,24,1,Apis_mellifera,Asphodelus_racemosus,14,21
2020,56,09,1,NA,Villamanrique Sur,24,2,Apis_mellifera,Asphodelus_racemosus,14,21
2020,56,09,1,NA,Villamanrique Sur,24,3,Apis_mellifera,Asphodelus_racemosus,14,21
2020,56,09,1,NA,Villamanrique Sur,25,1,Tropinota_squalida,Asphodelus_racemosus,14,21
2020,56,09,1,NA,Villamanrique Sur,26,1,Apis_mellifera,Asphodelus_racemosus,14,21
2020,56,09,1,NA,Villamanrique Sur,26,2,Apis_mellifera,Asphodelus_racemosus,14,21
2020,56,09,1,NA,Villamanrique Sur,26,3,Apis_mellifera,Asphodelus_racemosus,14,21
2020,57,09,1,NA,Pinar Aznalcazar,27,1,Apis_mellifera,Rosmarinus_officinalis,4,23
2020,57,09,1,NA,Pinar Aznalcazar,27,2,Apis_mellifera,Rosmarinus_officinalis,4,23
2020,57,09,1,NA,Pinar Aznalcazar,27,3,Apis_mellifera,Rosmarinus_officinalis,4,23
2020,57,09,1,NA,Pinar Aznalcazar,28,1,Apis_mellifera,Rosmarinus_officinalis,4,23
2020,57,09,1,NA,Pinar Aznalcazar,28,2,Apis_mellifera,Rosmarinus_officinalis,4,23
2020,57,09,1,NA,Pinar Aznalcazar,29,1,Empis_sp,Rosmarinus_officinalis,4,23
2020,57,09,1,NA,Pinar Aznalcazar,29,2,Empis_sp,Rosmarinus_officinalis,4,23
2020,57,09,1,NA,Pinar Aznalcazar,29,3,Empis_sp,Rosmarinus_officinalis,4,23
2020,57,09,1,NA,Pinar Aznalcazar,30,1,Apis_mellifera,Rosmarinus_officinalis,4,23
2020,57,09,1,NA,Pinar Aznalcazar,30,2,Apis_mellifera,Rosmarinus_officinalis,4,23
2020,57,09,1,NA,Pinar Aznalcazar,30,3,Apis_mellifera,Rosmarinus_officinalis,4,23
2020,57,09,1,NA,Pinar Aznalcazar,30,4,Apis_mellifera,Rosmarinus_officinalis,4,23
2020,57,09,1,NA,Pinar Aznalcazar,30,5,Apis_mellifera,Rosmarinus_officinalis,4,23
2020,57,09,1,NA,Pinar Aznalcazar,30,6,Apis_mellifera,Rosmarinus_officinalis,4,23
2020,57,09,1,NA,Pinar Aznalcazar,30,7,Apis_mellifera,Rosmarinus_officinalis,4,23
2020,57,09,1,NA,Pinar Aznalcazar,30,8,Apis_mellifera,Rosmarinus_officinalis,4,23
2020,57,09,1,NA,Pinar Aznalcazar,30,9,Apis_mellifera,Rosmarinus_officinalis,4,23
2020,57,09,1,NA,Pinar Aznalcazar,31,1,Apis_mellifera,Rosmarinus_officinalis,7,9
2020,57,09,1,NA,Pinar Aznalcazar,31,2,Apis_mellifera,Rosmarinus_officinalis,7,9
2020,57,09,1,NA,Pinar Aznalcazar,31,3,Apis_mellifera,Rosmarinus_officinalis,7,9
2020,57,09,1,NA,Pinar Aznalcazar,31,4,Apis_mellifera,Rosmarinus_officinalis,7,9
2020,57,09,1,NA,Pinar Aznalcazar,31,5,Apis_mellifera,Rosmarinus_officinalis,7,9
2020,57,09,1,NA,Pinar Aznalcazar,31,6,Apis_mellifera,Rosmarinus_officinalis,7,9
2020,57,09,1,NA,Pinar Aznalcazar,31,7,Apis_mellifera,Rosmarinus_officinalis,7,9
2020,57,09,1,NA,Pinar Aznalcazar,31,8,Apis_mellifera,Rosmarinus_officinalis,7,9
2020,57,09,1,NA,Pinar Aznalcazar,31,9,Apis_mellifera,Rosmarinus_officinalis,7,9
2020,57,09,1,NA,Pinar Aznalcazar,31,10,Apis_mellifera,Rosmarinus_officinalis,7,9
2020,57,09,1,NA,Pinar Aznalcazar,31,11,Apis_mellifera,Rosmarinus_officinalis,7,9
2020,57,09,1,NA,Pinar Aznalcazar,32,1,Empis_sp,Rosmarinus_officinalis,7,9
2020,57,09,1,NA,Pinar Aznalcazar,32,2,Empis_sp,Rosmarinus_officinalis,7,9
2020,57,09,1,NA,Pinar Aznalcazar,32,3,Empis_sp,Rosmarinus_officinalis,7,9
2020,57,09,1,NA,Pinar Aznalcazar,33,1,Apis_mellifera,Rosmarinus_officinalis,4,23
2020,57,09,1,NA,Pinar Aznalcazar,33,2,Apis_mellifera,Rosmarinus_officinalis,4,23
2020,57,09,1,NA,Pinar Aznalcazar,33,3,Apis_mellifera,Rosmarinus_officinalis,4,23
2020,57,09,1,NA,Pinar Aznalcazar,33,4,Apis_mellifera,Rosmarinus_officinalis,4,23
2020,57,09,1,NA,Pinar Aznalcazar,33,5,Apis_mellifera,Rosmarinus_officinalis,4,23
2020,57,09,1,NA,Pinar Aznalcazar,33,6,Apis_mellifera,Rosmarinus_officinalis,4,23
2020,57,09,1,NA,Pinar Aznalcazar,34,1,Empis_sp,Rosmarinus_officinalis,4,23
2020,57,09,1,NA,Pinar Aznalcazar,34,2,Empis_sp,Rosmarinus_officinalis,4,23
2020,63,10,2,NA,Villamanrique Chaparral,35,1,Apis_mellifera,Rosmarinus_officinalis,10,4
2020,63,10,2,NA,Villamanrique Chaparral,35,2,Apis_mellifera,Rosmarinus_officinalis,10,4
2020,63,10,2,NA,Villamanrique Chaparral,35,3,Apis_mellifera,Rosmarinus_officinalis,10,4
2020,63,10,2,NA,Villamanrique Chaparral,36,1,Apis_mellifera,Rosmarinus_officinalis,10,4
2020,63,10,2,NA,Villamanrique Chaparral,36,2,Apis_mellifera,Rosmarinus_officinalis,10,4
2020,63,10,2,NA,Villamanrique Chaparral,36,3,Apis_mellifera,Rosmarinus_officinalis,10,4
2020,63,10,2,NA,Villamanrique Chaparral,36,4,Apis_mellifera,Rosmarinus_officinalis,10,4
2020,63,10,2,NA,Villamanrique Chaparral,36,5,Apis_mellifera,Rosmarinus_officinalis,10,4
2020,63,10,2,NA,Villamanrique Chaparral,36,6,Apis_mellifera,Rosmarinus_officinalis,10,4
2020,63,10,2,NA,Villamanrique Chaparral,36,7,Apis_mellifera,Rosmarinus_officinalis,10,4
2020,63,10,2,NA,Villamanrique Chaparral,36,8,Apis_mellifera,Rosmarinus_officinalis,10,4
2020,63,10,2,NA,Villamanrique Chaparral,36,9,Apis_mellifera,Rosmarinus_officinalis,10,4
2020,63,10,2,NA,Villamanrique Chaparral,36,10,Apis_mellifera,Rosmarinus_officinalis,10,4
2020,63,10,2,NA,Villamanrique Chaparral,36,11,Apis_mellifera,Rosmarinus_officinalis,10,4
2020,63,10,2,NA,Villamanrique Chaparral,36,12,Apis_mellifera,Rosmarinus_officinalis,10,4
2020,63,10,2,NA,Villamanrique Chaparral,37,1,Zerynthia_rumina,Rosmarinus_officinalis,10,4
2020,63,10,2,NA,Villamanrique Chaparral,38,1,Apis_mellifera,Rosmarinus_officinalis,24,7
2020,63,10,2,NA,Villamanrique Chaparral,38,2,Apis_mellifera,Rosmarinus_officinalis,24,7
2020,63,10,2,NA,Villamanrique Chaparral,38,3,Apis_mellifera,Rosmarinus_officinalis,24,7
2020,63,10,2,NA,Villamanrique Chaparral,38,4,Apis_mellifera,Rosmarinus_officinalis,24,7
2020,63,10,2,NA,Villamanrique Chaparral,38,5,Apis_mellifera,Rosmarinus_officinalis,24,7
2020,63,10,2,NA,Villamanrique Chaparral,38,6,Apis_mellifera,Rosmarinus_officinalis,24,7
2020,63,10,2,NA,Villamanrique Chaparral,38,7,Apis_mellifera,Rosmarinus_officinalis,24,7
2020,63,10,2,NA,Villamanrique Chaparral,38,8,Apis_mellifera,Rosmarinus_officinalis,24,7
2020,63,10,2,NA,Villamanrique Chaparral,38,9,Apis_mellifera,Rosmarinus_officinalis,24,7
2020,63,10,2,NA,Villamanrique Chaparral,38,10,Apis_mellifera,Rosmarinus_officinalis,24,7
2020,63,10,2,NA,Villamanrique Chaparral,39,1,Apis_mellifera,Rosmarinus_officinalis,18,7
2020,63,10,2,NA,Villamanrique Chaparral,39,2,Apis_mellifera,Rosmarinus_officinalis,18,7
2020,63,10,2,NA,Villamanrique Chaparral,39,3,Apis_mellifera,Rosmarinus_officinalis,18,7
2020,63,10,2,NA,Villamanrique Chaparral,39,4,Apis_mellifera,Rosmarinus_officinalis,18,7
2020,63,10,2,NA,Villamanrique Chaparral,39,5,Apis_mellifera,Rosmarinus_officinalis,18,7
2020,63,10,2,NA,Villamanrique Chaparral,39,6,Apis_mellifera,Rosmarinus_officinalis,18,7
2020,63,10,2,NA,Villamanrique Chaparral,40,1,Eucera_sp,Rosmarinus_officinalis,6,2
2020,63,10,2,NA,Villamanrique Chaparral,41,1,Apis_mellifera,Rosmarinus_officinalis,4,2
2020,63,10,2,NA,Villamanrique Chaparral,41,2,Apis_mellifera,Rosmarinus_officinalis,4,2
2020,63,10,2,NA,Villamanrique Chaparral,41,3,Apis_mellifera,Rosmarinus_officinalis,4,2
2020,63,10,2,NA,Villamanrique Chaparral,41,4,Apis_mellifera,Rosmarinus_officinalis,4,2
2020,63,10,2,NA,Villamanrique Chaparral,41,5,Apis_mellifera,Rosmarinus_officinalis,4,2
2020,63,10,2,NA,Villamanrique Chaparral,42,1,Apis_mellifera,Rosmarinus_officinalis,10,4
2020,63,10,2,NA,Villamanrique Chaparral,42,2,Apis_mellifera,Rosmarinus_officinalis,10,4
2020,63,10,2,NA,Villamanrique Chaparral,42,3,Apis_mellifera,Rosmarinus_officinalis,10,4
2020,63,10,2,NA,Villamanrique Chaparral,42,4,Apis_mellifera,Rosmarinus_officinalis,10,4
2020,63,10,2,NA,Villamanrique Chaparral,42,5,Apis_mellifera,Rosmarinus_officinalis,10,4
2020,63,10,2,NA,Villamanrique Chaparral,42,6,Apis_mellifera,Rosmarinus_officinalis,10,4
2020,63,10,2,NA,Villamanrique Chaparral,42,7,Apis_mellifera,Rosmarinus_officinalis,10,4
2020,63,10,2,NA,Villamanrique Chaparral,42,8,Apis_mellifera,Rosmarinus_officinalis,10,4
2020,63,10,2,NA,Villamanrique Chaparral,42,9,Apis_mellifera,Rosmarinus_officinalis,10,4
2020,63,10,2,NA,Villamanrique Chaparral,42,10,Apis_mellifera,Rosmarinus_officinalis,10,4
2020,63,10,2,NA,Villamanrique Chaparral,43,1,Apis_mellifera,Rosmarinus_officinalis,16,14
2020,63,10,2,NA,Villamanrique Chaparral,43,2,Apis_mellifera,Rosmarinus_officinalis,16,14
2020,63,10,2,NA,Villamanrique Chaparral,43,3,Apis_mellifera,Rosmarinus_officinalis,16,14
2020,63,10,2,NA,Villamanrique Chaparral,43,4,Apis_mellifera,Rosmarinus_officinalis,16,14
2020,63,10,2,NA,Villamanrique Chaparral,43,5,Apis_mellifera,Rosmarinus_officinalis,16,14
2020,63,10,2,NA,Villamanrique Chaparral,43,6,Apis_mellifera,Rosmarinus_officinalis,16,14
2020,63,10,2,NA,Villamanrique Chaparral,43,7,Apis_mellifera,Rosmarinus_officinalis,16,14
2020,63,10,2,NA,Villamanrique Chaparral,43,8,Apis_mellifera,Rosmarinus_officinalis,16,14
2020,63,10,2,NA,Villamanrique Chaparral,43,9,Apis_mellifera,Rosmarinus_officinalis,16,14
2020,63,10,2,NA,Villamanrique Chaparral,43,10,Apis_mellifera,Rosmarinus_officinalis,16,14
2020,63,10,2,NA,Villamanrique Chaparral,43,11,Apis_mellifera,Rosmarinus_officinalis,16,14
2020,63,10,2,NA,Villamanrique Chaparral,43,12,Apis_mellifera,Rosmarinus_officinalis,16,14
2020,63,10,2,NA,Villamanrique Chaparral,43,13,Apis_mellifera,Rosmarinus_officinalis,16,14
2020,63,10,2,NA,Villamanrique Chaparral,43,14,Apis_mellifera,Rosmarinus_officinalis,16,14
2020,63,10,2,NA,Villamanrique Chaparral,43,15,Apis_mellifera,Rosmarinus_officinalis,16,14
2020,63,10,2,NA,Villamanrique Chaparral,43,16,Apis_mellifera,Rosmarinus_officinalis,16,14
2020,63,10,2,NA,Villamanrique Chaparral,43,17,Apis_mellifera,Rosmarinus_officinalis,16,14
2020,63,10,2,NA,Villamanrique Chaparral,43,18,Apis_mellifera,Rosmarinus_officinalis,16,14
2020,63,10,2,NA,Villamanrique Chaparral,43,19,Apis_mellifera,Rosmarinus_officinalis,16,14
2020,63,10,2,NA,Villamanrique Chaparral,43,20,Apis_mellifera,Rosmarinus_officinalis,16,14
2020,63,10,2,NA,Villamanrique Chaparral,43,21,Apis_mellifera,Rosmarinus_officinalis,16,14
2020,63,10,2,NA,Villamanrique Chaparral,43,22,Apis_mellifera,Rosmarinus_officinalis,16,14
2020,63,10,2,NA,Villamanrique Chaparral,43,23,Apis_mellifera,Rosmarinus_officinalis,16,14
2020,63,10,2,NA,Villamanrique Chaparral,43,24,Apis_mellifera,Rosmarinus_officinalis,16,14
2020,63,10,2,NA,Villamanrique Chaparral,43,25,Apis_mellifera,Rosmarinus_officinalis,16,14
2020,63,10,2,NA,Villamanrique Chaparral,43,26,Apis_mellifera,Rosmarinus_officinalis,16,14
2020,63,10,2,NA,Villamanrique Chaparral,43,27,Apis_mellifera,Rosmarinus_officinalis,16,14
2020,63,10,2,NA,Villamanrique Chaparral,44,1,Lepidoptera,Rosmarinus_officinalis,10,4
2020,63,10,2,NA,Villamanrique Chaparral,45,1,Apis_mellifera,Rosmarinus_officinalis,4,2
2020,63,10,2,NA,Villamanrique Chaparral,45,2,Apis_mellifera,Rosmarinus_officinalis,4,2
2020,63,10,2,NA,Villamanrique Chaparral,45,3,Apis_mellifera,Rosmarinus_officinalis,4,2
2020,63,10,2,NA,Villamanrique Chaparral,45,4,Apis_mellifera,Rosmarinus_officinalis,4,2
2020,63,10,2,NA,Villamanrique Chaparral,45,5,Apis_mellifera,Rosmarinus_officinalis,4,2
2020,63,10,2,NA,Villamanrique Chaparral,45,6,Apis_mellifera,Rosmarinus_officinalis,4,2
2020,63,10,2,NA,Villamanrique Chaparral,45,7,Apis_mellifera,Rosmarinus_officinalis,4,2
2020,63,10,2,NA,Villamanrique Chaparral,45,8,Apis_mellifera,Rosmarinus_officinalis,4,2
2020,63,10,2,NA,Villamanrique Chaparral,45,9,Apis_mellifera,Rosmarinus_officinalis,4,2
2020,63,10,2,NA,Villamanrique Chaparral,45,10,Apis_mellifera,Rosmarinus_officinalis,4,2
2020,63,10,2,NA,Villamanrique Chaparral,45,11,Apis_mellifera,Rosmarinus_officinalis,4,2
2020,63,10,2,NA,Villamanrique Chaparral,45,12,Apis_mellifera,Rosmarinus_officinalis,4,2
2020,64,10,2,NA,Villamanrique Sur,46,1,Apis_mellifera,Asphodelus_fistulosus,14,21
2020,64,10,2,NA,Villamanrique Sur,46,2,Apis_mellifera,Asphodelus_fistulosus,14,21
2020,64,10,2,NA,Villamanrique Sur,47,1,Xylocopa_cantabrita,Asphodelus_fistulosus,14,21
2020,64,10,2,NA,Villamanrique Sur,47,2,Xylocopa_cantabrita,Asphodelus_fistulosus,14,21
2020,64,10,2,NA,Villamanrique Sur,48,1,Apis_mellifera,Asphodelus_fistulosus,14,21
2020,64,10,2,NA,Villamanrique Sur,49,1,Apis_mellifera,Lavandula_stoechas,14,21
2020,64,10,2,NA,Villamanrique Sur,50,1,Apis_mellifera,Lavandula_stoechas,14,21
2020,64,10,2,NA,Villamanrique Sur,50,2,Apis_mellifera,Lavandula_stoechas,14,21
2020,64,10,2,NA,Villamanrique Sur,51,1,Tropinota_squalida,Asphodelus_fistulosus,14,21
2020,64,10,2,NA,Villamanrique Sur,52,1,Macroglossum_stellatarum,Asphodelus_fistulosus,14,21
2020,64,10,2,NA,Villamanrique Sur,52,2,Macroglossum_stellatarum,Asphodelus_fistulosus,14,21
2020,64,10,2,NA,Villamanrique Sur,52,3,Macroglossum_stellatarum,Asphodelus_fistulosus,14,21
2020,64,10,2,NA,Villamanrique Sur,52,4,Macroglossum_stellatarum,Asphodelus_fistulosus,14,21
2020,64,10,2,NA,Villamanrique Sur,52,5,Macroglossum_stellatarum,Asphodelus_fistulosus,14,21
2020,64,10,2,NA,Villamanrique Sur,53,1,Xylocopa_cantabrita,Asphodelus_fistulosus,14,21
2020,64,10,2,NA,Villamanrique Sur,54,1,Xylocopa_cantabrita,Asphodelus_fistulosus,14,21
2020,64,10,2,NA,Villamanrique Sur,54,2,Xylocopa_cantabrita,Asphodelus_fistulosus,14,21
2020,64,10,2,NA,Villamanrique Sur,55,1,Apis_mellifera,Asphodelus_fistulosus,14,21
2020,64,10,2,NA,Villamanrique Sur,56,1,Apis_mellifera,Asphodelus_fistulosus,14,21
2020,64,10,2,NA,Villamanrique Sur,56,2,Apis_mellifera,Asphodelus_fistulosus,14,21
2020,64,10,2,NA,Villamanrique Sur,57,1,Apis_mellifera,Lavandula_stoechas,14,21
2020,64,10,2,NA,Villamanrique Sur,58,1,Apis_mellifera,Asphodelus_fistulosus,14,21
2020,64,10,2,NA,Villamanrique Sur,58,2,Apis_mellifera,Asphodelus_fistulosus,14,21
2020,64,10,2,NA,Villamanrique Sur,59,1,Xylocopa_cantabrita,Asphodelus_fistulosus,14,21
2020,64,10,2,NA,Villamanrique Sur,60,1,Apis_mellifera,Lavandula_stoechas,14,21
2020,64,10,2,NA,Villamanrique Sur,60,2,Apis_mellifera,Lavandula_stoechas,14,21
2020,64,10,2,NA,Villamanrique Sur,61,1,Eucera_sp,Asphodelus_fistulosus,14,21
2020,64,10,2,NA,Villamanrique Sur,62,1,Xylocopa_cantabrita,Asphodelus_fistulosus,14,21
2020,64,10,2,NA,Villamanrique Sur,62,2,Xylocopa_cantabrita,Asphodelus_fistulosus,14,21
2020,64,10,2,NA,Villamanrique Sur,62,3,Xylocopa_cantabrita,Asphodelus_fistulosus,14,21
2020,64,10,2,NA,Villamanrique Sur,63,1,Episyrphus_balteatus,Asphodelus_fistulosus,14,21
2020,70,11,3,NA,Pinar Aznalcazar,64,1,Apis_mellifera,Rhamnus_lycioides,7,5
2020,70,11,3,NA,Pinar Aznalcazar,64,2,Apis_mellifera,Rhamnus_lycioides,7,5
2020,70,11,3,NA,Pinar Aznalcazar,64,3,Apis_mellifera,Rhamnus_lycioides,7,5
2020,70,11,3,NA,Pinar Aznalcazar,65,1,Episyrphus_balteatus,Rhamnus_lycioides,7,5
2020,70,11,3,NA,Pinar Aznalcazar,66,1,Syrphidae_3,Rhamnus_lycioides,7,5
2020,70,11,3,NA,Pinar Aznalcazar,66,2,Syrphidae_3,Rhamnus_lycioides,7,5
2020,70,11,3,NA,Pinar Aznalcazar,67,1,Apis_mellifera,Rhamnus_lycioides,7,5
2020,70,11,3,NA,Pinar Aznalcazar,67,2,Apis_mellifera,Rhamnus_lycioides,7,5
2020,70,11,3,NA,Pinar Aznalcazar,67,3,Apis_mellifera,Rhamnus_lycioides,7,5
2020,70,11,3,NA,Pinar Aznalcazar,67,4,Apis_mellifera,Rhamnus_lycioides,7,5
2020,70,11,3,NA,Pinar Aznalcazar,68,1,Anthophora_dispar,Rhamnus_lycioides,7,5
2020,70,11,3,NA,Pinar Aznalcazar,68,2,Anthophora_dispar,Rhamnus_lycioides,7,5
2020,70,11,3,NA,Pinar Aznalcazar,69,1,Apis_mellifera,Rhamnus_lycioides,7,5
2020,70,11,3,NA,Pinar Aznalcazar,69,2,Apis_mellifera,Rhamnus_lycioides,7,5
2020,70,11,3,NA,Pinar Aznalcazar,69,3,Apis_mellifera,Rhamnus_lycioides,7,5
2020,70,11,3,NA,Pinar Aznalcazar,70,1,Apis_mellifera,Rhamnus_lycioides,7,5
2020,70,11,3,NA,Pinar Aznalcazar,70,2,Apis_mellifera,Rhamnus_lycioides,7,5
2020,70,11,3,NA,Pinar Aznalcazar,71,1,Episyrphus_balteatus,Rhamnus_lycioides,7,5
2020,70,11,3,NA,Pinar Aznalcazar,72,1,Pieris_rapae,Rosmarinus_officinalis,7,9
2020,70,11,3,NA,Pinar Aznalcazar,73,1,Apis_mellifera,Rosmarinus_officinalis,7,9
2020,70,11,3,NA,Pinar Aznalcazar,73,2,Apis_mellifera,Rosmarinus_officinalis,7,9
2020,70,11,3,NA,Pinar Aznalcazar,73,3,Apis_mellifera,Rosmarinus_officinalis,7,9
2020,70,11,3,NA,Pinar Aznalcazar,73,4,Apis_mellifera,Rosmarinus_officinalis,7,9
2020,70,11,3,NA,Pinar Aznalcazar,74,1,Syritta_pipiens,Rhamnus_lycioides,7,5
2020,70,11,3,NA,Pinar Aznalcazar,75,1,Apis_mellifera,Rhamnus_lycioides,7,5
2020,70,11,3,NA,Pinar Aznalcazar,75,2,Apis_mellifera,Rhamnus_lycioides,7,5
2020,70,11,3,NA,Pinar Aznalcazar,75,3,Apis_mellifera,Rhamnus_lycioides,7,5
2020,70,11,3,NA,Pinar Aznalcazar,75,4,Apis_mellifera,Rhamnus_lycioides,7,5
2020,70,11,3,NA,Pinar Aznalcazar,76,1,Andrena_sp,Rhamnus_lycioides,7,5
2020,70,11,3,NA,Pinar Aznalcazar,77,1,Nomada_fucata,Rhamnus_lycioides,7,5
2020,70,11,3,NA,Pinar Aznalcazar,78,1,Myathropa_florea,Rhamnus_lycioides,7,5
2020,70,11,3,NA,Pinar Aznalcazar,78,2,Myathropa_florea,Rhamnus_lycioides,7,5
2020,70,11,3,NA,Pinar Aznalcazar,79,1,Apis_mellifera,Rhamnus_lycioides,7,5
2020,70,11,3,NA,Pinar Aznalcazar,79,2,Apis_mellifera,Rhamnus_lycioides,7,5
2020,70,11,3,NA,Pinar Aznalcazar,79,3,Apis_mellifera,Rhamnus_lycioides,7,5
2020,70,11,3,NA,Pinar Aznalcazar,79,4,Apis_mellifera,Rhamnus_lycioides,7,5
2020,70,11,3,NA,Pinar Aznalcazar,79,5,Apis_mellifera,Rhamnus_lycioides,7,5
2020,70,11,3,NA,Pinar Aznalcazar,80,1,Empis_sp,Lavandula_stoechas,10,14
2020,70,11,3,NA,Pinar Aznalcazar,81,1,Zerynthia_rumina,Lavandula_stoechas,10,14
2020,70,11,3,NA,Pinar Aznalcazar,82,1,Xylocopa_cantabrita,Lavandula_stoechas,4,6
2020,70,11,3,NA,Pinar Aznalcazar,83,1,Apis_mellifera,Rhamnus_lycioides,7,5
2020,70,11,3,NA,Pinar Aznalcazar,83,2,Apis_mellifera,Rhamnus_lycioides,7,5
2020,70,11,3,NA,Pinar Aznalcazar,83,3,Apis_mellifera,Rhamnus_lycioides,7,5
2020,72,11,3,NA,Pinar Puebla,84,1,Anthophora_dispar,Cistus_salviifolius,22,6
2020,72,11,3,NA,Pinar Puebla,85,1,Apis_mellifera,Cistus_ladanifer,17,4
2020,72,11,3,NA,Pinar Puebla,86,1,Xylocopa_cantabrita,Lavandula_stoechas,9,19
2020,72,11,3,NA,Pinar Puebla,86,2,Xylocopa_cantabrita,Lavandula_stoechas,9,19
2020,72,11,3,NA,Pinar Puebla,87,1,Apis_mellifera,Cistus_salviifolius,6,11
2020,72,11,3,NA,Pinar Puebla,87,2,Apis_mellifera,Cistus_salviifolius,6,11
2020,72,11,3,NA,Pinar Puebla,88,1,Abeja,Cistus_salviifolius,6,11
2020,72,11,3,NA,Pinar Puebla,89,1,Syrphidae_3,Cistus_salviifolius,6,11
2020,110,16,9,NA,Pinar Puebla,90,1,Episyrphus_balteatus,Leontodon_hispidus,12,1
2020,110,16,9,NA,Pinar Puebla,91,1,Apis_mellifera,Cistus_crispus,20,6
2020,110,16,9,NA,Pinar Puebla,91,2,Apis_mellifera,Cistus_crispus,20,6
2020,110,16,9,NA,Pinar Puebla,92,1,Tropinota_squalida,Leontodon_hispidus,12,1
2020,110,16,9,NA,Pinar Puebla,92,2,Tropinota_squalida,Leontodon_hispidus,12,1
2020,110,16,9,NA,Pinar Puebla,93,1,Psilothrix_viridicoerulea,Cistus_crispus,20,6
2020,110,16,9,NA,Pinar Puebla,93,2,Psilothrix_viridicoerulea,Cistus_crispus,20,6
2020,110,16,9,NA,Pinar Puebla,94,1,Apis_mellifera,Cistus_crispus,20,6
2020,110,16,9,NA,Pinar Puebla,94,2,Apis_mellifera,Cistus_crispus,20,6
2020,110,16,9,NA,Pinar Puebla,94,3,Apis_mellifera,Cistus_crispus,20,6
2020,110,16,9,NA,Pinar Puebla,95,1,Apis_mellifera,Leontodon_hispidus,12,1
2020,110,16,9,NA,Pinar Puebla,95,2,Apis_mellifera,Leontodon_hispidus,12,1
2020,110,16,9,NA,Pinar Puebla,96,1,Episyrphus_balteatus,Leontodon_hispidus,12,1
2020,110,16,9,NA,Pinar Puebla,97,1,Merodon_sp,Leontodon_hispidus,12,1
2020,113,17,9,NA,Pinar Hinojos,98,1,Andrena_cinerea,Leontodon_hispidus,4,1
2020,113,17,9,NA,Pinar Hinojos,99,1,Episyrphus_balteatus,Leontodon_hispidus,4,1
2020,113,17,9,NA,Pinar Hinojos,99,2,Episyrphus_balteatus,Leontodon_hispidus,4,1
2020,113,17,9,NA,Pinar Hinojos,100,1,Episyrphus_balteatus,Leontodon_hispidus,4,1
2020,113,17,9,NA,Pinar Hinojos,100,2,Episyrphus_balteatus,Leontodon_hispidus,4,1
2020,113,17,9,NA,Pinar Hinojos,100,3,Episyrphus_balteatus,Leontodon_hispidus,4,1
2020,113,17,9,NA,Pinar Hinojos,101,1,Dilophus_sp,Leontodon_hispidus,4,1
2020,113,17,9,NA,Pinar Hinojos,101,2,Dilophus_sp,Leontodon_hispidus,4,1
2020,113,17,9,NA,Pinar Hinojos,101,3,Dilophus_sp,Leontodon_hispidus,4,1
2020,113,17,9,NA,Pinar Hinojos,101,4,Dilophus_sp,Leontodon_hispidus,4,1
2020,114,17,9,NA,Villamanrique Sur,102,1,Apis_mellifera,Cistus_salviifolius,9,14
2020,114,17,9,NA,Villamanrique Sur,103,1,Episyrphus_balteatus,Cistus_salviifolius,4,24
2020,114,17,9,NA,Villamanrique Sur,104,1,Episyrphus_balteatus,Halimium_halimifolium,5,4
2020,114,17,9,NA,Villamanrique Sur,105,1,Apis_mellifera,Leontodon_hispidus,20,16
2020,114,17,9,NA,Villamanrique Sur,106,1,Apis_mellifera,Leontodon_hispidus,20,16
2020,114,17,9,NA,Villamanrique Sur,106,2,Apis_mellifera,Leontodon_hispidus,20,16
2020,114,17,9,NA,Villamanrique Sur,106,3,Apis_mellifera,Leontodon_hispidus,20,16
2020,114,17,9,NA,Villamanrique Sur,107,1,Apis_mellifera,Leontodon_hispidus,20,16
2020,114,17,9,NA,Villamanrique Sur,107,2,Apis_mellifera,Leontodon_hispidus,20,16
2020,114,17,9,NA,Villamanrique Sur,108,1,Usia_sp,Halimium_halimifolium,7,2
2020,114,17,9,NA,Villamanrique Sur,109,1,Apis_mellifera,Cistus_salviifolius,9,14
2020,114,17,9,NA,Villamanrique Sur,109,2,Apis_mellifera,Cistus_salviifolius,9,14
2020,114,17,9,NA,Villamanrique Sur,110,1,Psilothrix_viridicoerulea,Cistus_salviifolius,9,14
2020,114,17,9,NA,Villamanrique Sur,111,1,Pieris_brassicae,Cistus_crispus,20,16
2020,114,17,9,NA,Villamanrique Sur,111,2,Pieris_brassicae,Cistus_crispus,20,16
2020,114,17,9,NA,Villamanrique Sur,111,3,Pieris_brassicae,Cistus_crispus,20,16
2020,114,17,9,NA,Villamanrique Sur,112,1,Usia_sp,Cistus_crispus,18,14
2020,114,17,9,NA,Villamanrique Sur,113,1,Usia_sp,Cistus_crispus,18,14
2020,114,17,9,NA,Villamanrique Sur,114,1,Apis_mellifera,Cistus_crispus,20,16
2020,114,17,9,NA,Villamanrique Sur,114,2,Apis_mellifera,Cistus_crispus,20,16
2020,114,17,9,NA,Villamanrique Sur,115,1,mariquita,Tuberaria_guttata,18,14
2020,114,17,9,NA,Villamanrique Sur,116,1,Apis_mellifera,Cistus_crispus,20,16
2020,115,17,10,NA,Villamanrique Chaparral,117,1,Chasmatopterus_illigeri,Cistus_crispus,7,2
2020,115,17,10,NA,Villamanrique Chaparral,118,1,Eucera_codinai,Cistus_crispus,17,11
2020,115,17,10,NA,Villamanrique Chaparral,119,1,Apis_mellifera,Cistus_crispus,7,2
2020,115,17,10,NA,Villamanrique Chaparral,120,1,Apis_mellifera,Cistus_crispus,9,3
2020,115,17,10,NA,Villamanrique Chaparral,120,2,Apis_mellifera,Cistus_crispus,9,3
2020,115,17,10,NA,Villamanrique Chaparral,121,1,Apis_mellifera,Cistus_crispus,11,6
2020,115,17,10,NA,Villamanrique Chaparral,122,1,Eucera_codinai,Cistus_salviifolius,10,12
2020,115,17,10,NA,Villamanrique Chaparral,123,1,Apis_mellifera,Cistus_salviifolius,24,11
2020,115,17,10,NA,Villamanrique Chaparral,123,2,Apis_mellifera,Cistus_salviifolius,24,11
2020,115,17,10,NA,Villamanrique Chaparral,123,3,Apis_mellifera,Cistus_salviifolius,24,11
2020,115,17,10,NA,Villamanrique Chaparral,124,1,Apis_mellifera,Cistus_salviifolius,24,11
2020,115,17,10,NA,Villamanrique Chaparral,124,2,Apis_mellifera,Cistus_salviifolius,24,11
2020,115,17,10,NA,Villamanrique Chaparral,125,1,Psilothrix_viridicoerulea,Cistus_salviifolius,10,9
2020,115,17,10,NA,Villamanrique Chaparral,126,1,Bombylis_sp,Cistus_crispus,17,11
2020,115,17,10,NA,Villamanrique Chaparral,127,1,Apis_mellifera,Cistus_crispus,17,11
2020,115,17,10,NA,Villamanrique Chaparral,128,1,Apis_mellifera,Cistus_crispus,2,9
2020,115,17,10,NA,Villamanrique Chaparral,128,2,Apis_mellifera,Cistus_crispus,2,9
2020,115,17,10,NA,Villamanrique Chaparral,128,3,Apis_mellifera,Cistus_crispus,2,9
2020,115,17,10,NA,Villamanrique Chaparral,129,1,Usia_sp,Cistus_crispus,17,11
2020,115,17,10,NA,Villamanrique Chaparral,130,1,Usia_sp,Cistus_crispus,17,11
2020,115,17,10,NA,Villamanrique Chaparral,131,1,Bombylella_atra,Cistus_crispus,19,1
2020,115,17,10,NA,Villamanrique Chaparral,131,2,Bombylella_atra,Cistus_crispus,19,1
2020,115,17,10,NA,Villamanrique Chaparral,132,1,Bombylella_atra,Cistus_crispus,2,9
2020,115,17,10,NA,Villamanrique Chaparral,133,1,Syrphidae_3,Cistus_crispus,2,9
2020,115,17,10,NA,Villamanrique Chaparral,134,1,Apis_mellifera,Cistus_crispus,19,1
2020,115,17,10,NA,Villamanrique Chaparral,135,1,Usia_sp,Cistus_crispus,9,3
2020,115,17,10,NA,Villamanrique Chaparral,136,1,Apis_mellifera,Cistus_crispus,7,2
2020,115,17,10,NA,Villamanrique Chaparral,136,2,Apis_mellifera,Cistus_crispus,7,2
2020,115,17,10,NA,Villamanrique Chaparral,137,1,Nomada_sp,Cistus_crispus,17,11
2020,115,17,10,NA,Villamanrique Chaparral,137,2,Nomada_sp,Cistus_crispus,17,11
2020,119,18,10,NA,Pinar Aznalcazar,138,1,Psilothrix_viridicoerulea,Cistus_salviifolius,10,1
2020,119,18,10,NA,Pinar Aznalcazar,139,1,Apis_mellifera,Lysimachia_arvensis,10,1
2020,119,18,10,NA,Pinar Aznalcazar,140,1,Apis_mellifera,Reseda_phyteuma,10,1
2020,119,18,10,NA,Pinar Aznalcazar,140,2,Apis_mellifera,Reseda_phyteuma,10,1
2020,119,18,10,NA,Pinar Aznalcazar,140,3,Apis_mellifera,Reseda_phyteuma,10,1
2020,119,18,10,NA,Pinar Aznalcazar,141,1,Apis_mellifera,Reseda_phyteuma,10,1
2020,119,18,10,NA,Pinar Aznalcazar,141,2,Apis_mellifera,Reseda_phyteuma,10,1
2020,119,18,10,NA,Pinar Aznalcazar,142,1,Episyrphus_balteatus,Reseda_phyteuma,10,1
2020,119,18,10,NA,Pinar Aznalcazar,143,1,Apis_mellifera,Reseda_phyteuma,10,1
2020,119,18,10,NA,Pinar Aznalcazar,143,2,Apis_mellifera,Reseda_phyteuma,10,1
2020,119,18,10,NA,Pinar Aznalcazar,143,3,Apis_mellifera,Reseda_phyteuma,10,1
2020,119,18,10,NA,Pinar Aznalcazar,144,1,Apis_mellifera,Reseda_phyteuma,10,1
2020,119,18,10,NA,Pinar Aznalcazar,145,1,Apis_mellifera,Reseda_phyteuma,10,1
2020,119,18,10,NA,Pinar Aznalcazar,145,2,Apis_mellifera,Reseda_phyteuma,10,1
2020,119,18,10,NA,Pinar Aznalcazar,146,1,Psilothrix_viridicoerulea,Cistus_salviifolius,2,4
2020,119,18,10,NA,Pinar Aznalcazar,147,1,Apis_mellifera,Lavandula_stoechas,10,1
2020,119,18,10,NA,Pinar Aznalcazar,147,2,Apis_mellifera,Lavandula_stoechas,10,1
2020,119,18,10,NA,Pinar Aznalcazar,147,3,Apis_mellifera,Lavandula_stoechas,10,1
2020,119,18,10,NA,Pinar Aznalcazar,147,4,Apis_mellifera,Lavandula_stoechas,10,1
2020,119,18,10,NA,Pinar Aznalcazar,147,5,Apis_mellifera,Lavandula_stoechas,10,1
2020,119,18,10,NA,Pinar Aznalcazar,147,6,Apis_mellifera,Lavandula_stoechas,10,1
2020,119,18,10,NA,Pinar Aznalcazar,147,7,Apis_mellifera,Lavandula_stoechas,10,1
2020,119,18,10,NA,Pinar Aznalcazar,147,8,Apis_mellifera,Lavandula_stoechas,10,1
2020,120,18,10,NA,Pinar Puebla,148,1,Apis_mellifera,Lavandula_stoechas,9,19
2020,120,18,10,NA,Pinar Puebla,149,1,Tropinota_squalida,Leontodon_hispidus,12,1
2020,120,18,10,NA,Pinar Puebla,150,1,Tropinota_squalida,Leontodon_hispidus,12,1
2020,120,18,10,NA,Pinar Puebla,150,2,Tropinota_squalida,Leontodon_hispidus,12,1
2020,120,18,10,NA,Pinar Puebla,151,1,Chasmatopterus_illigeri,Leontodon_hispidus,12,1
2020,120,18,10,NA,Pinar Puebla,152,1,Chasmatopterus_illigeri,Leontodon_hispidus,12,1
2020,120,18,10,NA,Pinar Puebla,153,1,Chasmatopterus_illigeri,Leontodon_hispidus,12,1
2020,120,18,10,NA,Pinar Puebla,153,2,Chasmatopterus_illigeri,Leontodon_hispidus,12,1
2020,120,18,10,NA,Pinar Puebla,154,1,Chasmatopterus_illigeri,Leontodon_hispidus,12,1
2020,120,18,10,NA,Pinar Puebla,155,1,Chasmatopterus_illigeri,Leontodon_hispidus,12,1
2020,120,18,10,NA,Pinar Puebla,155,2,Chasmatopterus_illigeri,Leontodon_hispidus,12,1
2020,120,18,10,NA,Pinar Puebla,156,1,Andrena_rhyssonota,Leontodon_hispidus,12,1
2020,120,18,10,NA,Pinar Puebla,157,1,Chasmatopterus_illigeri,Leontodon_hispidus,12,1
2020,120,18,10,NA,Pinar Puebla,158,1,Xylocopa_cantabrita,Tolpis_barbata,16,1
2020,120,18,10,NA,Pinar Puebla,159,1,Apis_mellifera,Cistus_crispus,20,6
2020,120,18,10,NA,Pinar Puebla,159,2,Apis_mellifera,Cistus_crispus,20,6
2020,120,18,10,NA,Pinar Puebla,159,3,Apis_mellifera,Cistus_crispus,20,6
2020,120,18,10,NA,Pinar Puebla,159,4,Apis_mellifera,Cistus_crispus,20,6
2020,120,18,10,NA,Pinar Puebla,159,5,Apis_mellifera,Cistus_crispus,20,6
2020,120,18,10,NA,Pinar Puebla,159,6,Apis_mellifera,Cistus_crispus,20,6
2020,120,18,10,NA,Pinar Puebla,160,1,Apis_mellifera,Cistus_crispus,20,6
2020,120,18,10,NA,Pinar Puebla,160,2,Apis_mellifera,Cistus_crispus,20,6
2020,120,18,10,NA,Pinar Puebla,160,3,Apis_mellifera,Cistus_crispus,20,6
2020,120,18,10,NA,Pinar Puebla,161,1,Andrena_rhyssonota,Leontodon_hispidus,12,1
2020,120,18,10,NA,Pinar Puebla,162,1,Leptotes_pirithous,Lavandula_stoechas,9,19
2020,120,18,10,NA,Pinar Puebla,163,1,Apis_mellifera,Cistus_crispus,20,6
2020,120,18,10,NA,Pinar Puebla,163,2,Apis_mellifera,Cistus_crispus,20,6
2020,120,18,10,NA,Pinar Puebla,163,3,Apis_mellifera,Cistus_crispus,20,6
2020,120,18,10,NA,Pinar Puebla,163,4,Apis_mellifera,Cistus_crispus,20,6
2020,120,18,10,NA,Pinar Puebla,164,1,Apis_mellifera,Cistus_crispus,20,6
2020,122,18,11,NA,Pinar Hinojos,165,1,Episyrphus_balteatus,Leontodon_hispidus,4,1
2020,122,18,11,NA,Pinar Hinojos,166,1,Andrena_flavipes,Leontodon_hispidus,4,1
2020,122,18,11,NA,Pinar Hinojos,167,1,Attagenus_trifasciatus,Leontodon_hispidus,4,1
2020,122,18,11,NA,Pinar Hinojos,168,1,Tropinota_squalida,Leontodon_hispidus,4,1
2020,122,18,11,NA,Pinar Hinojos,168,2,Tropinota_squalida,Leontodon_hispidus,4,1
2020,122,18,11,NA,Pinar Hinojos,169,1,Tropinota_squalida,Leontodon_hispidus,4,1
2020,122,18,11,NA,Pinar Hinojos,169,2,Tropinota_squalida,Leontodon_hispidus,4,1
2020,122,18,11,NA,Pinar Hinojos,169,3,Tropinota_squalida,Leontodon_hispidus,4,1
2020,125,19,11,NA,Villamanrique Sur,170,1,Andrena_cinerea,Leontodon_hispidus,18,14
2020,125,19,11,NA,Villamanrique Sur,171,1,Exoxoma_lusitanicum,Leontodon_hispidus,18,14
2020,125,19,11,NA,Villamanrique Sur,172,1,Bombylella_atra,Halimium_halimifolium,5,4
2020,125,19,11,NA,Villamanrique Sur,173,1,Andrena_cinerea,Leontodon_hispidus,18,14
2020,125,19,11,NA,Villamanrique Sur,173,2,Andrena_cinerea,Leontodon_hispidus,18,14
2020,125,19,11,NA,Villamanrique Sur,174,1,Apis_mellifera,Cistus_crispus,20,16
2020,125,19,11,NA,Villamanrique Sur,174,2,Apis_mellifera,Cistus_crispus,20,16
2020,125,19,11,NA,Villamanrique Sur,174,3,Apis_mellifera,Cistus_crispus,20,16
2020,125,19,11,NA,Villamanrique Sur,175,1,Apis_mellifera,Cistus_crispus,20,16
2020,125,19,11,NA,Villamanrique Sur,176,1,Apis_mellifera,Cistus_crispus,20,16
2020,125,19,11,NA,Villamanrique Sur,177,1,Apis_mellifera,Cistus_crispus,13,22
2020,125,19,11,NA,Villamanrique Sur,178,1,Bombylella_atra,Leontodon_hispidus,18,14
2020,125,19,11,NA,Villamanrique Sur,179,1,Andrena_cinerea,Anthemis_arvensis,20,16
2020,125,19,11,NA,Villamanrique Sur,180,1,Psilothrix_viridicoerulea,Cistus_salviifolius,10,21
2020,125,19,11,NA,Villamanrique Sur,181,1,Bombylella_atra,Leontodon_hispidus,18,14
2020,125,19,11,NA,Villamanrique Sur,182,1,Apis_mellifera,Leontodon_hispidus,20,16
2020,125,19,11,NA,Villamanrique Sur,182,2,Apis_mellifera,Leontodon_hispidus,20,16
2020,125,19,11,NA,Villamanrique Sur,183,1,Apis_mellifera,Cistus_crispus,20,16
2020,125,19,11,NA,Villamanrique Sur,183,2,Apis_mellifera,Cistus_crispus,20,16
2020,125,19,11,NA,Villamanrique Sur,183,3,Apis_mellifera,Cistus_crispus,20,16
2020,125,19,11,NA,Villamanrique Sur,183,4,Apis_mellifera,Cistus_crispus,20,16
2020,125,19,11,NA,Villamanrique Sur,183,5,Apis_mellifera,Cistus_crispus,20,16
2020,125,19,11,NA,Villamanrique Sur,183,6,Apis_mellifera,Cistus_crispus,20,16
2020,125,19,11,NA,Villamanrique Sur,183,7,Apis_mellifera,Cistus_crispus,20,16
2020,125,18,11,NA,Villamanrique Chaparral,184,1,Apis_mellifera,Cistus_crispus,19,1
2020,125,18,11,NA,Villamanrique Chaparral,184,2,Apis_mellifera,Cistus_crispus,19,1
2020,125,18,11,NA,Villamanrique Chaparral,185,1,Apis_mellifera,Cistus_crispus,9,11
2020,125,18,11,NA,Villamanrique Chaparral,185,2,Apis_mellifera,Cistus_crispus,9,11
2020,125,18,11,NA,Villamanrique Chaparral,186,1,Apis_mellifera,Cistus_crispus,2,9
2020,125,18,11,NA,Villamanrique Chaparral,186,2,Apis_mellifera,Cistus_crispus,2,9
2020,125,18,11,NA,Villamanrique Chaparral,186,3,Apis_mellifera,Cistus_crispus,2,9
2020,125,18,11,NA,Villamanrique Chaparral,186,4,Apis_mellifera,Cistus_crispus,2,9
2020,125,18,11,NA,Villamanrique Chaparral,186,5,Apis_mellifera,Cistus_crispus,2,9
2020,125,18,11,NA,Villamanrique Chaparral,186,6,Apis_mellifera,Cistus_crispus,2,9
2020,125,18,11,NA,Villamanrique Chaparral,187,1,Apis_mellifera,Cistus_crispus,19,1
2020,125,18,11,NA,Villamanrique Chaparral,188,1,Leptotes_pirithous,Cistus_crispus,7,2
2020,125,18,11,NA,Villamanrique Chaparral,189,1,Flavipanurgus_venustus,Cistus_crispus,7,2
2020,125,18,11,NA,Villamanrique Chaparral,190,1,Bombylella_atra,Cistus_crispus,9,3
2020,125,18,11,NA,Villamanrique Chaparral,191,1,Andrena_limata,Andryala_integrifolia,17,11
2020,125,18,11,NA,Villamanrique Chaparral,192,1,Andrena_limata,Cistus_crispus,7,2
2020,125,18,11,NA,Villamanrique Chaparral,193,1,Apis_mellifera,Cistus_crispus,9,11
2020,125,18,11,NA,Villamanrique Chaparral,193,2,Apis_mellifera,Cistus_crispus,9,11
2020,125,18,11,NA,Villamanrique Chaparral,193,3,Apis_mellifera,Cistus_crispus,9,11
2020,125,18,11,NA,Villamanrique Chaparral,194,1,Apis_mellifera,Cistus_crispus,11,6
2020,125,18,11,NA,Villamanrique Chaparral,195,1,Flavipanurgus_venustus,Cistus_crispus,7,2
2020,125,18,11,NA,Villamanrique Chaparral,196,1,Eucera_elongatula,Cistus_crispus,2,9
2020,125,18,11,NA,Villamanrique Chaparral,196,2,Eucera_elongatula,Cistus_crispus,2,9
2020,125,18,11,NA,Villamanrique Chaparral,197,1,Usia_sp,Cistus_crispus,9,3
2020,125,18,11,NA,Villamanrique Chaparral,197,2,Usia_sp,Cistus_crispus,9,3
2020,125,18,11,NA,Villamanrique Chaparral,198,1,Bombylella_atra,Cistus_crispus,7,2
2020,125,18,11,NA,Villamanrique Chaparral,198,2,Bombylella_atra,Cistus_crispus,7,2
2020,127,19,11,NA,Pinar Aznalcazar,199,1,Andrena_cinerea,Leontodon_hispidus,5,12
2020,127,19,11,NA,Pinar Aznalcazar,200,1,Pieris_rapae,Lavandula_stoechas,10,1
2020,127,19,11,NA,Pinar Aznalcazar,201,1,Apis_mellifera,Reseda_phyteuma,10,1
2020,127,19,11,NA,Pinar Aznalcazar,201,2,Apis_mellifera,Reseda_phyteuma,10,1
2020,127,19,11,NA,Pinar Aznalcazar,202,1,Apis_mellifera,Reseda_phyteuma,10,1
2020,127,19,11,NA,Pinar Aznalcazar,202,2,Apis_mellifera,Reseda_phyteuma,10,1
2020,127,19,11,NA,Pinar Aznalcazar,203,1,Apis_mellifera,Reseda_phyteuma,10,1
2020,127,19,11,NA,Pinar Aznalcazar,204,1,Andrena_cinerea,Cistus_crispus,2,4
2020,128,19,11,NA,Pinar Puebla,205,1,Xylocopa_cantabrita,Cistus_crispus,20,6
2020,128,19,11,NA,Pinar Puebla,205,2,Xylocopa_cantabrita,Cistus_crispus,20,6
2020,128,19,11,NA,Pinar Puebla,206,1,Panurgus_calcaratus,Tolpis_barbata,16,1
2020,128,19,11,NA,Pinar Puebla,206,2,Panurgus_calcaratus,Tolpis_barbata,16,1
2020,128,19,11,NA,Pinar Puebla,206,3,Panurgus_calcaratus,Tolpis_barbata,16,1
2020,128,19,11,NA,Pinar Puebla,207,1,Panurgus_calcaratus,Andryala_integrifolia,16,1
2020,128,19,11,NA,Pinar Puebla,208,1,Systoechus_sp,Leontodon_hispidus,12,1
2020,128,19,11,NA,Pinar Puebla,208,2,Systoechus_sp,Leontodon_hispidus,12,1
2020,128,19,11,NA,Pinar Puebla,208,3,Systoechus_sp,Leontodon_hispidus,12,1
2020,128,19,11,NA,Pinar Puebla,209,1,Apis_mellifera,Cistus_crispus,20,6
2020,128,19,11,NA,Pinar Puebla,209,2,Apis_mellifera,Cistus_crispus,20,6
2020,128,19,11,NA,Pinar Puebla,209,3,Apis_mellifera,Cistus_crispus,20,6
2020,128,19,11,NA,Pinar Puebla,210,1,Xylocopa_cantabrita,Cistus_crispus,20,6
2020,128,19,11,NA,Pinar Puebla,211,1,Panurgus_dentipes,Leontodon_hispidus,12,1
2020,128,19,11,NA,Pinar Puebla,212,1,Merodon_trochantericus,Leontodon_hispidus,12,1
2020,128,19,11,NA,Pinar Puebla,213,1,Xylocopa_cantabrita,Cistus_crispus,20,6
2020,128,19,11,NA,Pinar Puebla,214,1,Xylocopa_cantabrita,Silene_colorata,12,1
2020,128,19,11,NA,Pinar Puebla,214,2,Xylocopa_cantabrita,Silene_colorata,12,1
2020,128,19,11,NA,Pinar Puebla,215,1,Apis_mellifera,Leontodon_hispidus,12,1
2020,128,19,11,NA,Pinar Puebla,216,1,Xylocopa_cantabrita,Silene_colorata,12,1
2020,128,19,11,NA,Pinar Puebla,217,1,Bombylella_atra,Leontodon_hispidus,12,1
2020,128,19,11,NA,Pinar Puebla,218,1,Xylocopa_cantabrita,Silene_colorata,12,1
2020,128,19,11,NA,Pinar Puebla,219,1,Apis_mellifera,Leontodon_hispidus,12,1
2020,128,19,11,NA,Pinar Puebla,219,2,Apis_mellifera,Leontodon_hispidus,12,1
2020,128,19,11,NA,Pinar Puebla,219,3,Apis_mellifera,Leontodon_hispidus,12,1
2020,129,19,12,NA,Pinar Hinojos,220,1,Psilothrix_viridicoerulea,Halimium_halimifolium,7,17
2020,129,19,12,NA,Pinar Hinojos,221,1,Melanostoma_sp,Halimium_halimifolium,7,17
2020,129,19,12,NA,Pinar Hinojos,222,1,Lasioglossum_sp,Leontodon_hispidus,4,1
2020,129,19,12,NA,Pinar Hinojos,223,1,Andrena_cinerea,Leontodon_hispidus,4,1
2020,129,19,12,NA,Pinar Hinojos,224,1,Andrena_cinerea,Leontodon_hispidus,4,1
2020,129,19,12,NA,Pinar Hinojos,225,1,Andrena_cinerea,Leontodon_hispidus,4,1
2020,129,19,12,NA,Pinar Hinojos,225,2,Andrena_cinerea,Leontodon_hispidus,4,1
2020,129,19,12,NA,Pinar Hinojos,226,1,Andrena_cinerea,Leontodon_hispidus,4,1
2020,129,19,12,NA,Pinar Hinojos,226,2,Andrena_cinerea,Leontodon_hispidus,4,1
2020,129,19,12,NA,Pinar Hinojos,226,3,Andrena_cinerea,Leontodon_hispidus,4,1
2020,140,21,13,NA,Villamanrique Sur,227,1,Bombus_terrestris,Cistus_salviifolius,10,21
2020,140,21,13,NA,Villamanrique Sur,228,1,Apis_mellifera,Cistus_crispus,20,16
2020,140,21,13,NA,Villamanrique Sur,229,1,Apis_mellifera,Cistus_crispus,20,16
2020,140,21,13,NA,Villamanrique Sur,229,2,Apis_mellifera,Cistus_crispus,20,16
2020,140,21,13,NA,Villamanrique Sur,230,1,Megascolia_maculata,Cynara_humilis,18,14
2020,140,21,13,NA,Villamanrique Sur,231,1,Psilothrix_viridicoerulea,Cistus_salviifolius,10,21
2020,140,21,13,NA,Villamanrique Sur,232,1,Dasypoda_dusmeti,Cistus_salviifolius,10,21
2020,140,21,13,NA,Villamanrique Sur,233,1,Panurgus_sp,Leontodon_hispidus,18,14
2020,140,21,13,NA,Villamanrique Sur,234,1,Bombus_terrestris,Cistus_crispus,20,16
2020,140,21,13,NA,Villamanrique Sur,235,1,Dasypoda_dusmeti,Leontodon_hispidus,18,14
2020,140,21,13,NA,Villamanrique Sur,236,1,Syrphidae_3,Halimium_halimifolium,3,4
2020,141,21,13,NA,Villamanrique Chaparral,237,1,Apis_mellifera,Cistus_crispus,11,6
2020,141,21,13,NA,Villamanrique Chaparral,238,1,Apis_mellifera,Cistus_crispus,9,3
2020,141,21,13,NA,Villamanrique Chaparral,239,1,Apis_mellifera,Cistus_crispus,6,5
2020,141,21,13,NA,Villamanrique Chaparral,240,1,Flavipanurgus_venustus,Cistus_crispus,6,5
2020,141,21,13,NA,Villamanrique Chaparral,241,1,Flavipanurgus_venustus,Cistus_crispus,7,2
2020,141,21,13,NA,Villamanrique Chaparral,242,1,Apis_mellifera,Cistus_crispus,11,6
2020,141,21,13,NA,Villamanrique Chaparral,243,1,Apis_mellifera,Cistus_crispus,7,2
2020,141,21,13,NA,Villamanrique Chaparral,244,1,Flavipanurgus_venustus,Cistus_crispus,9,11
2020,141,21,13,NA,Villamanrique Chaparral,245,1,Eucera_elongatula,Cistus_crispus,7,2
2020,141,21,13,NA,Villamanrique Chaparral,246,1,Bombylis_sp,Cistus_crispus,17,11
2020,141,21,13,NA,Villamanrique Chaparral,247,1,Apis_mellifera,Cistus_crispus,11,6
2020,141,21,13,NA,Villamanrique Chaparral,248,1,Apis_mellifera,Cistus_crispus,17,11
2020,141,21,13,NA,Villamanrique Chaparral,249,1,Coenonympha_pamphilus,Cistus_crispus,9,3
2020,141,21,13,NA,Villamanrique Chaparral,250,1,Apis_mellifera,Cistus_crispus,9,11
2020,141,21,13,NA,Villamanrique Chaparral,251,1,Lasioglossum_sp,Cistus_crispus,9,11
2020,141,21,13,NA,Villamanrique Chaparral,252,1,Apis_mellifera,Cistus_crispus,7,2
2020,141,21,13,NA,Villamanrique Chaparral,253,1,Apis_mellifera,Cistus_crispus,7,2
2020,141,21,13,NA,Villamanrique Chaparral,254,1,Bombylis_sp,Cistus_crispus,17,11
2020,141,21,13,NA,Villamanrique Chaparral,255,1,Apis_mellifera,Cistus_crispus,17,11
2020,141,21,13,NA,Villamanrique Chaparral,256,1,Bombylis_sp,Cistus_crispus,17,11
2020,142,21,13,NA,Pinar Aznalcazar,257,1,Episyrphus_balteatus,Andryala_integrifolia,2,4
2020,142,21,13,NA,Pinar Aznalcazar,258,1,Apis_mellifera,Galactite_tomentosa,10,1
2020,142,21,13,NA,Pinar Aznalcazar,259,1,Tropinota_squalida,Galactite_tomentosa,10,1
2020,142,21,13,NA,Pinar Aznalcazar,260,1,Apis_mellifera,Galactite_tomentosa,10,1
2020,142,21,13,NA,Pinar Aznalcazar,261,1,Andrena_flavipes,Leontodon_hispidus,5,12
2020,142,21,13,NA,Pinar Aznalcazar,262,1,Andrena_flavipes,Leontodon_hispidus,5,12
2020,142,21,13,NA,Pinar Aznalcazar,263,1,Pieris_rapae,Galactite_tomentosa,10,1
2020,142,21,13,NA,Pinar Aznalcazar,264,1,Andrena_flavipes,Galactite_tomentosa,10,1
2020,146,22,14,NA,Pinar Hinojos,265,1,Andrena_cinerea,Leontodon_hispidus,4,1
2020,146,22,14,NA,Pinar Hinojos,265,2,Andrena_cinerea,Leontodon_hispidus,4,1
2020,146,22,14,NA,Pinar Hinojos,265,3,Andrena_cinerea,Leontodon_hispidus,4,1
2020,146,22,14,NA,Pinar Hinojos,266,1,Andrena_cinerea,Andryala_integrifolia,3,17
2020,146,22,14,NA,Pinar Hinojos,267,1,Andrena_cinerea,Leontodon_hispidus,4,1
2020,146,22,14,NA,Pinar Hinojos,267,2,Andrena_cinerea,Leontodon_hispidus,4,1
2020,146,22,14,NA,Pinar Hinojos,268,1,Andrena_cinerea,Leontodon_hispidus,4,1
2020,146,22,14,NA,Pinar Hinojos,268,2,Andrena_cinerea,Leontodon_hispidus,4,1
2020,146,22,14,NA,Pinar Hinojos,269,1,Tropinota_squalida,Leontodon_hispidus,4,1
2020,147,22,14,NA,Pinar Puebla,270,1,Xylocopa_cantabrita,Cistus_salviifolius,9,17
2020,147,22,14,NA,Pinar Puebla,271,1,Xylocopa_cantabrita,Cistus_salviifolius,9,17
2020,147,22,14,NA,Pinar Puebla,271,2,Xylocopa_cantabrita,Cistus_salviifolius,9,17
2020,147,22,14,NA,Pinar Puebla,272,1,Panurgus_calcaratus,Leontodon_hispidus,12,1
2020,147,22,14,NA,Pinar Puebla,273,1,Panurgus_calcaratus,Andryala_integrifolia,16,1
2020,147,22,14,NA,Pinar Puebla,274,1,Panurgus_calcaratus,Tolpis_barbata,16,1
2020,147,22,14,NA,Pinar Puebla,275,1,Panurgus_calcaratus,Leontodon_hispidus,12,1
2020,147,22,14,NA,Pinar Puebla,276,1,Panurgus_calcaratus,Silene_colorata,12,1
2020,147,22,14,NA,Pinar Puebla,276,2,Panurgus_calcaratus,Silene_colorata,12,1
2020,148,22,14,NA,Villamanrique Sur,277,1,Episyrphus_balteatus,Cistus_salviifolius,13,17
2020,148,22,14,NA,Villamanrique Sur,278,1,Episyrphus_balteatus,Cistus_salviifolius,11,15
2020,148,22,14,NA,Villamanrique Sur,279,1,Lasioglossum_immunitum,Andryala_integrifolia,20,16
2020,148,22,14,NA,Villamanrique Sur,280,1,Apis_mellifera,Cistus_crispus,20,16
2020,148,22,14,NA,Villamanrique Sur,281,1,Andrena_cinerea,Cistus_salviifolius,10,21
2020,148,22,14,NA,Villamanrique Sur,282,1,Andrena_cinerea,Leontodon_hispidus,18,14
2020,148,22,14,NA,Villamanrique Sur,282,2,Andrena_cinerea,Leontodon_hispidus,18,14
2020,148,22,14,NA,Villamanrique Sur,283,1,Andrena_cinerea,Andryala_integrifolia,20,16
2020,148,22,14,NA,Villamanrique Sur,284,1,Andrena_cinerea,Andryala_integrifolia,20,16
2020,148,22,14,NA,Villamanrique Sur,284,2,Andrena_cinerea,Andryala_integrifolia,20,16
2020,148,22,14,NA,Villamanrique Sur,284,3,Andrena_cinerea,Andryala_integrifolia,20,16
2020,148,22,14,NA,Villamanrique Sur,284,4,Andrena_cinerea,Andryala_integrifolia,20,16
2020,148,22,14,NA,Villamanrique Sur,284,5,Andrena_cinerea,Andryala_integrifolia,20,16
2020,148,22,14,NA,Villamanrique Sur,284,6,Andrena_cinerea,Andryala_integrifolia,20,16
2020,148,22,14,NA,Villamanrique Sur,284,7,Andrena_cinerea,Andryala_integrifolia,20,16
2020,148,22,14,NA,Villamanrique Sur,284,8,Andrena_cinerea,Andryala_integrifolia,20,16
2020,148,22,14,NA,Villamanrique Sur,284,9,Andrena_cinerea,Andryala_integrifolia,20,16
2020,148,22,14,NA,Villamanrique Sur,284,10,Andrena_cinerea,Andryala_integrifolia,20,16
2020,148,22,14,NA,Villamanrique Sur,285,1,Dischistus_biroi,Cistus_salviifolius,10,21
2020,149,22,14,NA,Villamanrique Chaparral,286,1,Bombylella_atra,Cistus_salviifolius,11,14
2020,149,22,14,NA,Villamanrique Chaparral,287,1,Apis_mellifera,Cistus_crispus,7,2
2020,149,22,14,NA,Villamanrique Chaparral,287,2,Apis_mellifera,Cistus_crispus,7,2
2020,149,22,14,NA,Villamanrique Chaparral,288,1,Andrena_limata,Cistus_salviifolius,15,12
2020,149,22,14,NA,Villamanrique Chaparral,289,1,Lasioglossum_prasinum,Cistus_salviifolius,16,1
2020,149,22,14,NA,Villamanrique Chaparral,290,1,Flavipanurgus_venustus,Cistus_crispus,9,11
2020,149,22,14,NA,Villamanrique Chaparral,291,1,Bombylis_sp,Cistus_salviifolius,11,12
2020,150,22,15,NA,Pinar Aznalcazar,292,1,Empis_sp,Andryala_integrifolia,2,4
