Bosque,X,Y,Planta,Subplot_Plant_Label,Periodo,labelled_flowers,number_fruits,fruitset,Visits_tot,homo_motif,hete_motif,Year,Flores,prob_consp_step,poll_richness,plant_richness,total_number_flowers,total_steps,unloyal_steps,total_sequences
Pinar Aznalcazar,1,1,Cistus_crispus,1-1 Cistus_crispus,April,13,10,0.7692307692307693,22,8,0,2021,2,0.9999899234585236,2,2,23,10,NA,2
Pinar Aznalcazar,1,1,Cistus_crispus,1-1 Cistus_crispus,April,13,10,0.7692307692307693,22,8,0,2021,4,0.9999899234585236,2,2,23,10,NA,2
Pinar Aznalcazar,1,1,Cistus_crispus,1-1 Cistus_crispus,April,13,10,0.7692307692307693,22,8,0,2021,11,0.9999899234585236,2,2,23,10,NA,2
Pinar Aznalcazar,1,1,Cistus_crispus,1-1 Cistus_crispus,May,5,5,1,9,9,12,2021,3,0.9999962392419223,1,2,38,2,NA,1
Pinar Aznalcazar,1,1,Cistus_crispus,1-1 Cistus_crispus,May,5,5,1,9,9,12,2021,19,0.9999962392419223,1,2,38,2,NA,1
Pinar Aznalcazar,1,1,Cistus_crispus,1-1 Cistus_crispus,May,5,5,1,9,9,12,2021,1,0.9999962392419223,1,2,38,2,NA,1
Pinar Aznalcazar,1,2,Cistus_crispus,1-2 Cistus_crispus,April,9,9,1,6,8,0,2021,4,0.999995493935569,1,2,12,3,NA,1
Pinar Aznalcazar,1,2,Cistus_crispus,1-2 Cistus_crispus,April,9,9,1,6,8,0,2021,7,0.999995493935569,1,2,12,3,NA,1
Pinar Aznalcazar,1,2,Cistus_crispus,1-2 Cistus_crispus,May,5,4,0.8,33,15,12,2021,5,0.9999973351049557,2,2,9,11,1,2
Pinar Aznalcazar,1,2,Cistus_crispus,1-2 Cistus_crispus,May,5,4,0.8,33,15,12,2021,1,0.9999973351049557,2,2,9,11,1,2
Pinar Aznalcazar,1,3,Cistus_crispus,1-3 Cistus_crispus,May,5,5,1,12,12,12,2021,10,0.9999974155990898,2,2,23,3,1,2
Pinar Aznalcazar,1,3,Cistus_crispus,1-3 Cistus_crispus,May,5,5,1,12,12,12,2021,3,0.9999974155990898,2,2,23,3,1,2
Pinar Aznalcazar,1,7,Cistus_salviifolius,1-7 Cistus_salviifolius,April,5,1,0.2,2,0,12,2021,15,0.9999880939606003,1,2,21,1,1,1
Pinar Aznalcazar,1,7,Cistus_salviifolius,1-7 Cistus_salviifolius,April,5,1,0.2,2,0,12,2021,5,0.9999880939606003,1,2,21,1,1,1
Pinar Aznalcazar,1,8,Cistus_crispus,1-8 Cistus_crispus,April,5,5,1,NA,NA,NA,2021,2,0.9999985381995582,NA,1,2,NA,NA,NA
Pinar Aznalcazar,1,9,Cistus_crispus,1-9 Cistus_crispus,April,5,2,0.4,12,22,4,2021,5,0.9999972464153442,2,1,11,6,1,3
Pinar Aznalcazar,1,9,Cistus_crispus,1-9 Cistus_crispus,April,5,2,0.4,12,22,4,2021,6,0.9999972464153442,2,1,11,6,1,3
Pinar Aznalcazar,1,10,Cistus_salviifolius,1-10 Cistus_salviifolius,April,1,0,0,NA,NA,NA,2021,2,0.9999972765607098,NA,2,1223,NA,NA,NA
Pinar Aznalcazar,1,10,Cistus_salviifolius,1-10 Cistus_salviifolius,April,1,0,0,NA,NA,NA,2021,1,0.9999972765607098,NA,2,1223,NA,NA,NA
Pinar Aznalcazar,2,1,Cistus_crispus,2-1 Cistus_crispus,April,5,3,0.6,NA,NA,NA,2021,6,0.9999986488168572,NA,1,6,NA,NA,NA
Pinar Aznalcazar,2,1,Cistus_crispus,2-1 Cistus_crispus,May,5,5,1,21,9,15,2021,NA,0.9999973480875018,2,2,59,7,NA,2
Pinar Aznalcazar,2,1,Cistus_crispus,2-1 Cistus_crispus,May,5,5,1,21,9,15,2021,3,0.9999973480875018,2,2,59,7,NA,2
Pinar Aznalcazar,2,3,Cistus_crispus,2-3 Cistus_crispus,May,5,5,1,60,18,21,2021,31,0.9999974766918334,4,2,41,19,5,4
Pinar Aznalcazar,2,3,Cistus_crispus,2-3 Cistus_crispus,May,5,5,1,60,18,21,2021,3,0.9999974766918334,4,2,41,19,5,4
Pinar Aznalcazar,2,6,Cistus_crispus,2-6 Cistus_crispus,April,10,10,1,14,20,0,2021,5,0.9999972989809978,2,1,24,6,NA,3
Pinar Aznalcazar,2,6,Cistus_crispus,2-6 Cistus_crispus,April,10,10,1,14,20,0,2021,19,0.9999972989809978,2,1,24,6,NA,3
Pinar Aznalcazar,2,6,Cistus_crispus,2-6 Cistus_crispus,May,5,5,1,24,27,0,2021,19,0.9999975991373389,2,1,20,7,NA,2
Pinar Aznalcazar,2,6,Cistus_crispus,2-6 Cistus_crispus,May,5,5,1,24,27,0,2021,1,0.9999975991373389,2,1,20,7,NA,2
Pinar Aznalcazar,2,7,Cistus_salviifolius,2-7 Cistus_salviifolius,April,7,7,1,NA,NA,NA,2021,9,0.999997799179978,NA,1,11,NA,NA,NA
Pinar Aznalcazar,2,7,Cistus_salviifolius,2-7 Cistus_salviifolius,April,7,7,1,NA,NA,NA,2021,2,0.999997799179978,NA,1,11,NA,NA,NA
Pinar Aznalcazar,3,6,Cistus_salviifolius,3-6 Cistus_salviifolius,March,9,8,0.8888888888888888,55,34,0,2021,1,0.9999973403412207,3,1,20,16,NA,3
Pinar Aznalcazar,3,6,Cistus_salviifolius,3-6 Cistus_salviifolius,March,9,8,0.8888888888888888,55,34,0,2021,4,0.9999973403412207,3,1,20,16,NA,3
Pinar Aznalcazar,3,6,Cistus_salviifolius,3-6 Cistus_salviifolius,March,9,8,0.8888888888888888,55,34,0,2021,15,0.9999973403412207,3,1,20,16,NA,3
Pinar Aznalcazar,3,6,Cistus_salviifolius,3-6 Cistus_salviifolius,April,1,1,1,NA,NA,NA,2021,3,0.9999947209805231,NA,2,5,NA,NA,NA
Pinar Aznalcazar,3,6,Cistus_salviifolius,3-6 Cistus_salviifolius,April,1,1,1,NA,NA,NA,2021,1,0.9999947209805231,NA,2,5,NA,NA,NA
Pinar Aznalcazar,3,7,Cistus_salviifolius,3-7 Cistus_salviifolius,April,1,1,1,15,0,0,2021,7,0.9999782902365184,1,2,9,2,NA,1
Pinar Aznalcazar,3,7,Cistus_salviifolius,3-7 Cistus_salviifolius,April,1,1,1,15,0,0,2021,1,0.9999782902365184,1,2,9,2,NA,1
Pinar Aznalcazar,3,8,Cistus_salviifolius,3-8 Cistus_salviifolius,March,5,5,1,36,27,0,2021,1,0.9999980740162603,3,1,8,11,NA,3
Pinar Aznalcazar,3,8,Cistus_salviifolius,3-8 Cistus_salviifolius,March,5,5,1,36,27,0,2021,7,0.9999980740162603,3,1,8,11,NA,3
Pinar Aznalcazar,3,8,Cistus_salviifolius,3-8 Cistus_salviifolius,April,6,6,1,NA,NA,NA,2021,9,0.9999976892757628,NA,1,10,NA,NA,NA
Pinar Aznalcazar,3,8,Cistus_salviifolius,3-8 Cistus_salviifolius,April,6,6,1,NA,NA,NA,2021,1,0.9999976892757628,NA,1,10,NA,NA,NA
Pinar Aznalcazar,3,9,Cistus_salviifolius,3-9 Cistus_salviifolius,March,10,10,1,90,15,12,2021,1,0.9999971908711959,2,1,25,26,NA,3
Pinar Aznalcazar,3,9,Cistus_salviifolius,3-9 Cistus_salviifolius,March,10,10,1,90,15,12,2021,9,0.9999971908711959,2,1,25,26,NA,3
Pinar Aznalcazar,3,9,Cistus_salviifolius,3-9 Cistus_salviifolius,March,10,10,1,90,15,12,2021,15,0.9999971908711959,2,1,25,26,NA,3
Pinar Aznalcazar,3,9,Cistus_salviifolius,3-9 Cistus_salviifolius,April,2,2,1,NA,NA,NA,2021,12,0.9999976460079955,NA,1,14,NA,NA,NA
Pinar Aznalcazar,3,9,Cistus_salviifolius,3-9 Cistus_salviifolius,April,2,2,1,NA,NA,NA,2021,2,0.9999976460079955,NA,1,14,NA,NA,NA
Pinar Aznalcazar,4,4,Cistus_salviifolius,4-4 Cistus_salviifolius,March,5,5,1,91,79,0,2021,7,0.9999991228638658,6,1,7,22,NA,9
Pinar Aznalcazar,4,7,Cistus_crispus,4-7 Cistus_crispus,April,11,8,0.7272727272727273,210,95,12,2021,3,0.9999972990082808,7,1,55,93,1,16
Pinar Aznalcazar,4,7,Cistus_crispus,4-7 Cistus_crispus,April,11,8,0.7272727272727273,210,95,12,2021,52,0.9999972990082808,7,1,55,93,1,16
Pinar Aznalcazar,4,7,Cistus_crispus,4-7 Cistus_crispus,May,5,3,0.6,45,33,12,2021,44,0.999997526617981,2,1,48,15,1,4
Pinar Aznalcazar,4,7,Cistus_crispus,4-7 Cistus_crispus,May,5,3,0.6,45,33,12,2021,4,0.999997526617981,2,1,48,15,1,4
Pinar Aznalcazar,4,9,Cistus_salviifolius,4-9 Cistus_salviifolius,March,10,10,1,44,31,0,2021,1,0.9999971908408399,4,1,29,12,NA,4
Pinar Aznalcazar,4,9,Cistus_salviifolius,4-9 Cistus_salviifolius,March,10,10,1,44,31,0,2021,7,0.9999971908408399,4,1,29,12,NA,4
Pinar Aznalcazar,4,9,Cistus_salviifolius,4-9 Cistus_salviifolius,March,10,10,1,44,31,0,2021,21,0.9999971908408399,4,1,29,12,NA,4
Pinar Aznalcazar,4,9,Cistus_salviifolius,4-9 Cistus_salviifolius,April,1,1,1,NA,NA,NA,2021,13,0.9999977116401627,NA,1,14,NA,NA,NA
Pinar Aznalcazar,4,9,Cistus_salviifolius,4-9 Cistus_salviifolius,April,1,1,1,NA,NA,NA,2021,1,0.9999977116401627,NA,1,14,NA,NA,NA
Pinar Aznalcazar,4,10,Cistus_salviifolius,4-10 Cistus_salviifolius,April,5,4,0.8,NA,NA,NA,NA,NA,NA,NA,NA,NA,NA,NA,NA
Pinar Aznalcazar,5,7,Cistus_crispus,5-7 Cistus_crispus,April,3,3,1,190,112,10,2021,3,0.9999858108263214,7,2,10,76,NA,18
Pinar Aznalcazar,5,7,Cistus_crispus,5-7 Cistus_crispus,April,3,3,1,190,112,10,2021,6,0.9999858108263214,7,2,10,76,NA,18
Pinar Aznalcazar,6,1,Cistus_salviifolius,6-1 Cistus_salviifolius,March,5,5,1,9,18,0,2021,5,0.9999990988477351,2,1,5,3,NA,2
Pinar Aznalcazar,6,1,Cistus_salviifolius,6-1 Cistus_salviifolius,April,5,5,1,15,20,5,2021,16,0.9999984655747105,1,2,20,3,NA,1
Pinar Aznalcazar,6,2,Cistus_crispus,6-2 Cistus_crispus,April,7,4,0.5714285714285714,2,14,0,2021,2,0.9999941684774997,1,2,19,1,NA,1
Pinar Aznalcazar,6,2,Cistus_crispus,6-2 Cistus_crispus,April,7,4,0.5714285714285714,2,14,0,2021,5,0.9999941684774997,1,2,19,1,NA,1
Pinar Aznalcazar,6,3,Cistus_salviifolius,6-3 Cistus_salviifolius,March,5,5,1,19,35,0,2021,2,0.9999981055905209,3,1,7,6,NA,3
Pinar Aznalcazar,6,3,Cistus_salviifolius,6-3 Cistus_salviifolius,March,5,5,1,19,35,0,2021,5,0.9999981055905209,3,1,7,6,NA,3
Pinar Aznalcazar,6,3,Cistus_salviifolius,6-3 Cistus_salviifolius,April,1,1,1,NA,NA,NA,2021,17,0.9999977358927056,NA,1,18,NA,NA,NA
Pinar Aznalcazar,6,3,Cistus_salviifolius,6-3 Cistus_salviifolius,April,1,1,1,NA,NA,NA,2021,1,0.9999977358927056,NA,1,18,NA,NA,NA
Pinar Aznalcazar,6,4,Cistus_salviifolius,6-4 Cistus_salviifolius,March,10,10,1,209,75,0,2021,2,0.9999972381700037,7,1,61,60,NA,8
Pinar Aznalcazar,6,4,Cistus_salviifolius,6-4 Cistus_salviifolius,March,10,10,1,209,75,0,2021,16,0.9999972381700037,7,1,61,60,NA,8
Pinar Aznalcazar,6,4,Cistus_salviifolius,6-4 Cistus_salviifolius,March,10,10,1,209,75,0,2021,43,0.9999972381700037,7,1,61,60,NA,8
Pinar Aznalcazar,6,4,Cistus_salviifolius,6-4 Cistus_salviifolius,April,9,2,0.2222222222222222,NA,NA,NA,2021,66,0.9999977298528373,NA,1,70,NA,NA,NA
Pinar Aznalcazar,6,4,Cistus_salviifolius,6-4 Cistus_salviifolius,April,9,2,0.2222222222222222,NA,NA,NA,2021,4,0.9999977298528373,NA,1,70,NA,NA,NA
Pinar Aznalcazar,6,7,Cistus_crispus,6-7 Cistus_crispus,April,4,4,1,38,54,6,2021,4,0.9999962545758775,5,2,14,15,NA,7
Pinar Aznalcazar,6,7,Cistus_crispus,6-7 Cistus_crispus,April,4,4,1,38,54,6,2021,3,0.9999962545758775,5,2,14,15,NA,7
Pinar Aznalcazar,6,7,Cistus_salviifolius,6-7 Cistus_salviifolius,March,10,10,1,19,17,0,2021,6,0.9999982605865877,3,1,20,5,NA,3
Pinar Aznalcazar,6,7,Cistus_salviifolius,6-7 Cistus_salviifolius,March,10,10,1,19,17,0,2021,14,0.9999982605865877,3,1,20,5,NA,3
Pinar Aznalcazar,6,7,Cistus_salviifolius,6-7 Cistus_salviifolius,April,6,3,0.5,NA,NA,NA,2021,6,0.9999977510384254,NA,2,14,NA,NA,NA
Pinar Aznalcazar,6,7,Cistus_salviifolius,6-7 Cistus_salviifolius,April,6,3,0.5,NA,NA,NA,2021,1,0.9999977510384254,NA,2,14,NA,NA,NA
Pinar Aznalcazar,6,10,Cistus_salviifolius,6-10 Cistus_salviifolius,March,5,5,1,16,23,0,2021,10,0.9999991226216554,3,1,10,4,NA,2
Pinar Aznalcazar,6,10,Cistus_salviifolius,6-10 Cistus_salviifolius,April,6,5,0.8333333333333334,NA,NA,NA,2021,34,0.9999978213248842,NA,1,35,NA,NA,NA
Pinar Aznalcazar,6,10,Cistus_salviifolius,6-10 Cistus_salviifolius,April,6,5,0.8333333333333334,NA,NA,NA,2021,1,0.9999978213248842,NA,1,35,NA,NA,NA
Pinar Aznalcazar,7,2,Cistus_salviifolius,7-2 Cistus_salviifolius,March,5,5,1,48,47,0,2021,1,0.9999973361580913,4,1,16,12,NA,6
Pinar Aznalcazar,7,2,Cistus_salviifolius,7-2 Cistus_salviifolius,March,5,5,1,48,47,0,2021,7,0.9999973361580913,4,1,16,12,NA,6
Pinar Aznalcazar,7,2,Cistus_salviifolius,7-2 Cistus_salviifolius,March,5,5,1,48,47,0,2021,8,0.9999973361580913,4,1,16,12,NA,6
Pinar Aznalcazar,7,3,Cistus_crispus,7-3 Cistus_crispus,April,6,4,0.6666666666666666,2,14,0,2021,1,0.9999972999810277,1,1,14,1,NA,1
Pinar Aznalcazar,7,3,Cistus_crispus,7-3 Cistus_crispus,April,6,4,0.6666666666666666,2,14,0,2021,13,0.9999972999810277,1,1,14,1,NA,1
Pinar Aznalcazar,7,3,Cistus_crispus,7-3 Cistus_crispus,May,5,3,0.6,3,15,0,2021,9,0.999997614390147,1,1,13,1,NA,1
Pinar Aznalcazar,7,3,Cistus_crispus,7-3 Cistus_crispus,May,5,3,0.6,3,15,0,2021,4,0.999997614390147,1,1,13,1,NA,1
Pinar Aznalcazar,7,6,Cistus_crispus,7-6 Cistus_crispus,April,1,1,1,15,46,10,NA,NA,NA,3,1,2,7,NA,5
Pinar Aznalcazar,7,7,Cistus_crispus,7-7 Cistus_crispus,April,1,0,0,12,29,10,NA,NA,NA,3,NA,NA,4,NA,4
Pinar Aznalcazar,8,3,Cistus_salviifolius,8-3 Cistus_salviifolius,March,5,5,1,28,16,0,2021,8,0.9999981022695879,2,1,23,6,NA,3
Pinar Aznalcazar,8,3,Cistus_salviifolius,8-3 Cistus_salviifolius,March,5,5,1,28,16,0,2021,15,0.9999981022695879,2,1,23,6,NA,3
Pinar Aznalcazar,8,3,Cistus_salviifolius,8-3 Cistus_salviifolius,April,6,5,0.8333333333333334,90,25,5,2021,18,0.9999977313185504,2,1,19,18,NA,2
Pinar Aznalcazar,8,3,Cistus_salviifolius,8-3 Cistus_salviifolius,April,6,5,0.8333333333333334,90,25,5,2021,1,0.9999977313185504,2,1,19,18,NA,2
Pinar Aznalcazar,8,6,Cistus_crispus,8-6 Cistus_crispus,April,2,1,0.5,21,39,4,NA,NA,NA,2,NA,NA,8,NA,5
Pinar Aznalcazar,8,7,Cistus_crispus,8-7 Cistus_crispus,April,3,3,1,110,67,10,2021,18,0.9999973023722962,3,1,59,40,NA,8
Pinar Aznalcazar,8,7,Cistus_crispus,8-7 Cistus_crispus,April,3,3,1,110,67,10,2021,41,0.9999973023722962,3,1,59,40,NA,8
Pinar Aznalcazar,8,8,Cistus_crispus,8-8 Cistus_crispus,April,6,4,0.6666666666666666,14,10,0,NA,NA,NA,2,NA,NA,5,NA,2
Pinar Aznalcazar,8,10,Cistus_salviifolius,8-10 Cistus_salviifolius,March,5,5,1,12,8,0,2021,2,0.9999982585562555,1,1,24,3,NA,1
Pinar Aznalcazar,8,10,Cistus_salviifolius,8-10 Cistus_salviifolius,March,5,5,1,12,8,0,2021,22,0.9999982585562555,1,1,24,3,NA,1
Pinar Aznalcazar,8,10,Cistus_salviifolius,8-10 Cistus_salviifolius,April,6,3,0.5,NA,NA,NA,2021,6,0.999997819686645,NA,1,7,NA,NA,NA
Pinar Aznalcazar,8,10,Cistus_salviifolius,8-10 Cistus_salviifolius,April,6,3,0.5,NA,NA,NA,2021,1,0.999997819686645,NA,1,7,NA,NA,NA
Pinar Aznalcazar,8,10,Halimium_halimifolium,8-10 Halimium_halimifolium,May,20,14,0.7,NA,NA,NA,2021,19,0.999992169382691,NA,1,31,NA,NA,NA
Pinar Aznalcazar,8,10,Halimium_halimifolium,8-10 Halimium_halimifolium,May,20,14,0.7,NA,NA,NA,2021,11,0.999992169382691,NA,1,31,NA,NA,NA
Pinar Aznalcazar,8,10,Halimium_halimifolium,8-10 Halimium_halimifolium,May,20,14,0.7,NA,NA,NA,2021,1,0.999992169382691,NA,1,31,NA,NA,NA
Pinar Aznalcazar,9,2,Cistus_crispus,9-2 Cistus_crispus,April,1,1,1,NA,NA,NA,2021,1,0.999997300293886,NA,1,5,NA,NA,NA
Pinar Aznalcazar,9,2,Cistus_crispus,9-2 Cistus_crispus,April,1,1,1,NA,NA,NA,2021,4,0.999997300293886,NA,1,5,NA,NA,NA
Pinar Aznalcazar,9,2,Cistus_crispus,9-2 Cistus_crispus,May,5,2,0.4,NA,NA,NA,2021,7,0.9999976274413086,NA,1,10,NA,NA,NA
Pinar Aznalcazar,9,2,Cistus_crispus,9-2 Cistus_crispus,May,5,2,0.4,NA,NA,NA,2021,3,0.9999976274413086,NA,1,10,NA,NA,NA
Pinar Aznalcazar,9,3,Cistus_salviifolius,9-3 Cistus_salviifolius,March,5,5,1,117,46,0,2021,2,0.9999973121107821,5,1,57,30,NA,9
Pinar Aznalcazar,9,3,Cistus_salviifolius,9-3 Cistus_salviifolius,March,5,5,1,117,46,0,2021,20,0.9999973121107821,5,1,57,30,NA,9
Pinar Aznalcazar,9,3,Cistus_salviifolius,9-3 Cistus_salviifolius,March,5,5,1,117,46,0,2021,35,0.9999973121107821,5,1,57,30,NA,9
Pinar Aznalcazar,9,3,Cistus_salviifolius,9-3 Cistus_salviifolius,April,7,6,0.8571428571428571,25,20,5,2021,7,0.9999977379380307,1,1,9,5,NA,1
Pinar Aznalcazar,9,3,Cistus_salviifolius,9-3 Cistus_salviifolius,April,7,6,0.8571428571428571,25,20,5,2021,2,0.9999977379380307,1,1,9,5,NA,1
Pinar Aznalcazar,9,6,Cistus_crispus,9-6 Cistus_crispus,April,2,2,1,NA,NA,NA,NA,NA,NA,NA,2,3,NA,NA,NA
Pinar Aznalcazar,9,6,Halimium_halimifolium,9-6 Halimium_halimifolium,April,2,0,0,NA,NA,NA,2021,2,0.9999914063596662,NA,2,3,NA,NA,NA
Pinar Aznalcazar,9,6,Halimium_halimifolium,9-6 Halimium_halimifolium,May,20,9,0.45,1,0,2,2021,34,0.9999921661007484,1,1,48,1,1,1
Pinar Aznalcazar,9,6,Halimium_halimifolium,9-6 Halimium_halimifolium,May,20,9,0.45,1,0,2,2021,12,0.9999921661007484,1,1,48,1,1,1
Pinar Aznalcazar,9,6,Halimium_halimifolium,9-6 Halimium_halimifolium,May,20,9,0.45,1,0,2,2021,2,0.9999921661007484,1,1,48,1,1,1
Pinar Aznalcazar,9,7,Cistus_crispus,9-7 Cistus_crispus,April,1,1,1,NA,NA,NA,NA,NA,NA,NA,NA,NA,NA,NA,NA
Pinar Aznalcazar,9,7,Cistus_crispus,9-7 Cistus_crispus,May,7,6,0.8571428571428571,30,9,0,NA,NA,NA,1,NA,NA,9,NA,1
Pinar Aznalcazar,9,8,Cistus_crispus,9-8 Cistus_crispus,April,4,3,0.75,NA,NA,NA,NA,NA,NA,NA,NA,NA,NA,NA,NA
Pinar Aznalcazar,10,8,Halimium_halimifolium,10-8 Halimium_halimifolium,April,44,24,0.5454545454545454,NA,NA,NA,2021,3,0.9999736357737915,NA,1,101,NA,NA,NA
Pinar Aznalcazar,10,8,Halimium_halimifolium,10-8 Halimium_halimifolium,April,44,24,0.5454545454545454,NA,NA,NA,2021,6,0.9999736357737915,NA,1,101,NA,NA,NA
Pinar Aznalcazar,10,8,Halimium_halimifolium,10-8 Halimium_halimifolium,April,44,24,0.5454545454545454,NA,NA,NA,2021,19,0.9999736357737915,NA,1,101,NA,NA,NA
Pinar Aznalcazar,10,8,Halimium_halimifolium,10-8 Halimium_halimifolium,April,44,24,0.5454545454545454,NA,NA,NA,2021,73,0.9999736357737915,NA,1,101,NA,NA,NA
Pinar Aznalcazar,10,8,Halimium_halimifolium,10-8 Halimium_halimifolium,May,40,16,0.4,NA,NA,NA,2021,137,0.9999839729926361,NA,1,271,NA,NA,NA
Pinar Aznalcazar,10,8,Halimium_halimifolium,10-8 Halimium_halimifolium,May,40,16,0.4,NA,NA,NA,2021,58,0.9999839729926361,NA,1,271,NA,NA,NA
Pinar Aznalcazar,10,8,Halimium_halimifolium,10-8 Halimium_halimifolium,May,40,16,0.4,NA,NA,NA,2021,48,0.9999839729926361,NA,1,271,NA,NA,NA
Pinar Aznalcazar,10,8,Halimium_halimifolium,10-8 Halimium_halimifolium,May,40,16,0.4,NA,NA,NA,2021,23,0.9999839729926361,NA,1,271,NA,NA,NA
Pinar Aznalcazar,10,8,Halimium_halimifolium,10-8 Halimium_halimifolium,May,40,16,0.4,NA,NA,NA,2021,2,0.9999839729926361,NA,1,271,NA,NA,NA
Pinar Aznalcazar,10,8,Halimium_halimifolium,10-8 Halimium_halimifolium,May,40,16,0.4,NA,NA,NA,2021,3,0.9999839729926361,NA,1,271,NA,NA,NA
Pinar Aznalcazar,10,9,Halimium_halimifolium,10-9 Halimium_halimifolium,April,4,2,0.5,NA,NA,NA,2021,4,0.999992480490502,NA,1,4,NA,NA,NA
Pinar Aznalcazar,10,9,Halimium_halimifolium,10-9 Halimium_halimifolium,May,20,9,0.45,NA,NA,NA,2021,52,0.9999916142969006,NA,1,68,NA,NA,NA
Pinar Aznalcazar,10,9,Halimium_halimifolium,10-9 Halimium_halimifolium,May,20,9,0.45,NA,NA,NA,2021,14,0.9999916142969006,NA,1,68,NA,NA,NA
Pinar Aznalcazar,10,9,Halimium_halimifolium,10-9 Halimium_halimifolium,May,20,9,0.45,NA,NA,NA,2021,2,0.9999916142969006,NA,1,68,NA,NA,NA
Pinar Aznalcazar,10,10,Cistus_salviifolius,10-10 Cistus_salviifolius,April,6,6,1,NA,NA,NA,2021,7,0.9999978232584296,NA,1,13,NA,NA,NA
Pinar Aznalcazar,10,10,Cistus_salviifolius,10-10 Cistus_salviifolius,April,6,6,1,NA,NA,NA,2021,6,0.9999978232584296,NA,1,13,NA,NA,NA
Pinar Hinojos,1,1,Halimium_calycinum,1-1 Halimium_calycinum,March,26,16,0.6153846153846154,NA,NA,NA,2021,8,0.6799999932308718,NA,1,33,NA,NA,NA
Pinar Hinojos,1,1,Halimium_calycinum,1-1 Halimium_calycinum,March,26,16,0.6153846153846154,NA,NA,NA,2021,1,0.6799999932308718,NA,1,33,NA,NA,NA
Pinar Hinojos,1,1,Halimium_calycinum,1-1 Halimium_calycinum,March,26,16,0.6153846153846154,NA,NA,NA,2021,2,0.6799999932308718,NA,1,33,NA,NA,NA
Pinar Hinojos,1,1,Halimium_calycinum,1-1 Halimium_calycinum,March,26,16,0.6153846153846154,NA,NA,NA,2021,5,0.6799999932308718,NA,1,33,NA,NA,NA
Pinar Hinojos,1,1,Halimium_calycinum,1-1 Halimium_calycinum,March,26,16,0.6153846153846154,NA,NA,NA,2021,3,0.6799999932308718,NA,1,33,NA,NA,NA
Pinar Hinojos,1,1,Halimium_calycinum,1-1 Halimium_calycinum,March,26,16,0.6153846153846154,NA,NA,NA,2021,6,0.6799999932308718,NA,1,33,NA,NA,NA
Pinar Hinojos,1,1,Halimium_calycinum,1-1 Halimium_calycinum,April,4,2,0.5,NA,NA,NA,2021,1,0.9999999974359363,NA,1,4,NA,NA,NA
Pinar Hinojos,2,1,Halimium_calycinum,2-1 Halimium_calycinum,March,19,6,0.3157894736842105,40,0,0,2021,5,0.679999997743591,3,1,22,5,NA,3
Pinar Hinojos,2,1,Halimium_calycinum,2-1 Halimium_calycinum,March,19,6,0.3157894736842105,40,0,0,2021,12,0.679999997743591,3,1,22,5,NA,3
Pinar Hinojos,2,1,Halimium_calycinum,2-1 Halimium_calycinum,April,4,1,0.25,NA,NA,NA,2021,3,0.9999999948718726,NA,1,4,NA,NA,NA
Pinar Hinojos,2,1,Halimium_calycinum,2-1 Halimium_calycinum,April,4,1,0.25,NA,NA,NA,2021,1,0.9999999948718726,NA,1,4,NA,NA,NA
Pinar Hinojos,3,6,Halimium_calycinum,3-6 Halimium_calycinum,March,4,2,0.5,NA,NA,NA,2021,3,0.679999997743624,NA,1,5,NA,NA,NA
Pinar Hinojos,3,6,Halimium_calycinum,3-6 Halimium_calycinum,March,4,2,0.5,NA,NA,NA,2021,1,0.679999997743624,NA,1,5,NA,NA,NA
Pinar Hinojos,3,6,Halimium_calycinum,3-6 Halimium_calycinum,April,1,0,0,NA,NA,NA,2021,1,0.8181818323476965,NA,1,1,NA,NA,NA
Pinar Hinojos,4,5,Halimium_calycinum,4-5 Halimium_calycinum,March,29,12,0.41379310344827586,5,2,0,2021,32,0.8399999954872479,1,1,167,4,NA,1
Pinar Hinojos,4,5,Halimium_calycinum,4-5 Halimium_calycinum,March,29,12,0.41379310344827586,5,2,0,2021,9,0.8399999954872479,1,1,167,4,NA,1
Pinar Hinojos,4,5,Halimium_calycinum,4-5 Halimium_calycinum,March,29,12,0.41379310344827586,5,2,0,2021,52,0.8399999954872479,1,1,167,4,NA,1
Pinar Hinojos,4,5,Halimium_calycinum,4-5 Halimium_calycinum,March,29,12,0.41379310344827586,5,2,0,2021,74,0.8399999954872479,1,1,167,4,NA,1
Pinar Hinojos,4,5,Halimium_calycinum,4-5 Halimium_calycinum,April,13,6,0.46153846153846156,5,2,0,2021,27,0.9999999948718726,NA,1,35,NA,NA,NA
Pinar Hinojos,4,5,Halimium_calycinum,4-5 Halimium_calycinum,April,13,6,0.46153846153846156,5,2,0,2021,8,0.9999999948718726,NA,1,35,NA,NA,NA
Pinar Hinojos,4,8,Cistus_libanotis,4-8 Cistus_libanotis,April,13,7,0.5384615384615384,7,7,0,2021,1,0.9999999887181197,2,2,15,2,NA,2
Pinar Hinojos,4,8,Cistus_libanotis,4-8 Cistus_libanotis,April,13,7,0.5384615384615384,7,7,0,2021,11,0.9999999887181197,2,2,15,2,NA,2
Pinar Hinojos,5,4,Halimium_calycinum,5-4 Halimium_calycinum,March,12,10,0.8333333333333334,63,15,0,2021,3,0.5200138718703667,3,1,12,12,NA,4
Pinar Hinojos,5,4,Halimium_calycinum,5-4 Halimium_calycinum,March,12,10,0.8333333333333334,63,15,0,2021,2,0.5200138718703667,3,1,12,12,NA,4
Pinar Hinojos,5,4,Halimium_calycinum,5-4 Halimium_calycinum,March,12,10,0.8333333333333334,63,15,0,2021,4,0.5200138718703667,3,1,12,12,NA,4
Pinar Hinojos,5,4,Halimium_calycinum,5-4 Halimium_calycinum,April,3,2,0.6666666666666666,1,2,0,2021,2,0.8194153032285113,NA,1,6,NA,NA,NA
Pinar Hinojos,5,4,Halimium_calycinum,5-4 Halimium_calycinum,April,3,2,0.6666666666666666,1,2,0,2021,4,0.8194153032285113,NA,1,6,NA,NA,NA
Pinar Hinojos,8,1,Halimium_calycinum,8-1 Halimium_calycinum,March,28,18,0.6428571428571429,48,9,3,2021,9,0.6800015590896742,2,1,78,12,NA,3
Pinar Hinojos,8,1,Halimium_calycinum,8-1 Halimium_calycinum,March,28,18,0.6428571428571429,48,9,3,2021,6,0.6800015590896742,2,1,78,12,NA,3
Pinar Hinojos,8,1,Halimium_calycinum,8-1 Halimium_calycinum,March,28,18,0.6428571428571429,48,9,3,2021,28,0.6800015590896742,2,1,78,12,NA,3
Pinar Hinojos,8,1,Halimium_calycinum,8-1 Halimium_calycinum,March,28,18,0.6428571428571429,48,9,3,2021,35,0.6800015590896742,2,1,78,12,NA,3
Pinar Hinojos,8,1,Halimium_calycinum,8-1 Halimium_calycinum,April,8,7,0.875,NA,NA,NA,2021,22,0.9999999974359363,NA,1,22,NA,NA,NA
Pinar Hinojos,8,4,Halimium_calycinum,8-4 Halimium_calycinum,March,28,19,0.6785714285714286,102,16,3,NA,NA,NA,4,2,431,22,1,7
Pinar Hinojos,8,4,Halimium_calycinum,8-4 Halimium_calycinum,April,9,6,0.6666666666666666,2,2,0,2021,13,0.9999999948718726,NA,1,15,NA,NA,NA
Pinar Hinojos,8,4,Halimium_calycinum,8-4 Halimium_calycinum,April,9,6,0.6666666666666666,2,2,0,2021,2,0.9999999948718726,NA,1,15,NA,NA,NA
Pinar Hinojos,10,7,Cistus_libanotis,10-7 Cistus_libanotis,April,54,27,0.5,248,11,5,2021,7,0.9999999887181197,4,3,54,52,1,7
Pinar Hinojos,10,7,Cistus_libanotis,10-7 Cistus_libanotis,April,54,27,0.5,248,11,5,2021,43,0.9999999887181197,4,3,54,52,1,7
Pinar Hinojos,NA,NA,NA,NA-NA NA,May,NA,NA,NA,NA,NA,NA,NA,NA,NA,NA,1,NA,NA,NA,NA
Pinar Puebla,1,2,Cistus_salviifolius,1-2 Cistus_salviifolius,April,7,2,0.2857142857142857,NA,NA,NA,2021,7,0.9998799530039583,NA,3,57,NA,NA,NA
Pinar Puebla,1,7,Cistus_salviifolius,1-7 Cistus_salviifolius,April,1,0,0,NA,NA,NA,2021,1,0.999881717757912,NA,2,18,NA,NA,NA
Pinar Puebla,2,4,Cistus_salviifolius,2-4 Cistus_salviifolius,March,5,4,0.8,NA,NA,NA,2021,2,0.9489658110815214,NA,1,13,NA,NA,NA
Pinar Puebla,2,4,Cistus_salviifolius,2-4 Cistus_salviifolius,March,5,4,0.8,NA,NA,NA,2021,8,0.9489658110815214,NA,1,13,NA,NA,NA
Pinar Puebla,2,4,Cistus_salviifolius,2-4 Cistus_salviifolius,March,5,4,0.8,NA,NA,NA,2021,3,0.9489658110815214,NA,1,13,NA,NA,NA
Pinar Puebla,2,10,Cistus_salviifolius,2-10 Cistus_salviifolius,March,5,3,0.6,NA,NA,NA,2021,4,0.8976113452049259,NA,3,25,NA,NA,NA
Pinar Puebla,2,10,Cistus_salviifolius,2-10 Cistus_salviifolius,March,5,3,0.6,NA,NA,NA,2021,3,0.8976113452049259,NA,3,25,NA,NA,NA
Pinar Puebla,2,10,Cistus_salviifolius,2-10 Cistus_salviifolius,March,5,3,0.6,NA,NA,NA,2021,7,0.8976113452049259,NA,3,25,NA,NA,NA
Pinar Puebla,2,10,Cistus_salviifolius,2-10 Cistus_salviifolius,April,5,4,0.8,8,0,0,2021,3,0.9997657899629441,1,2,6,1,NA,1
Pinar Puebla,2,10,Cistus_salviifolius,2-10 Cistus_salviifolius,April,5,4,0.8,8,0,0,2021,2,0.9997657899629441,1,2,6,1,NA,1
Pinar Puebla,3,4,Cistus_salviifolius,3-4 Cistus_salviifolius,April,1,0,0,NA,NA,NA,2021,1,0.9997735067737452,NA,3,37,NA,NA,NA
Pinar Puebla,3,6,Cistus_salviifolius,3-6 Cistus_salviifolius,March,15,12,0.8,18,6,0,2021,5,0.9483594399781201,1,1,29,6,NA,1
Pinar Puebla,3,6,Cistus_salviifolius,3-6 Cistus_salviifolius,March,15,12,0.8,18,6,0,2021,18,0.9483594399781201,1,1,29,6,NA,1
Pinar Puebla,3,6,Cistus_salviifolius,3-6 Cistus_salviifolius,March,15,12,0.8,18,6,0,2021,6,0.9483594399781201,1,1,29,6,NA,1
Pinar Puebla,3,6,Cistus_salviifolius,3-6 Cistus_salviifolius,April,1,0,0,NA,NA,NA,2021,1,0.999880804688487,NA,2,6,NA,NA,NA
Pinar Puebla,3,10,Cistus_salviifolius,3-10 Cistus_salviifolius,March,10,8,0.8,NA,NA,NA,2021,3,0.9837230237360978,NA,3,154,NA,NA,NA
Pinar Puebla,3,10,Cistus_salviifolius,3-10 Cistus_salviifolius,March,10,8,0.8,NA,NA,NA,2021,5,0.9837230237360978,NA,3,154,NA,NA,NA
Pinar Puebla,3,10,Cistus_salviifolius,3-10 Cistus_salviifolius,March,10,8,0.8,NA,NA,NA,2021,9,0.9837230237360978,NA,3,154,NA,NA,NA
Pinar Puebla,4,2,Cistus_salviifolius,4-2 Cistus_salviifolius,April,1,0,0,NA,NA,NA,2021,1,0.9641293361099758,NA,4,32,NA,NA,NA
Pinar Puebla,4,6,Cistus_salviifolius,4-6 Cistus_salviifolius,April,4,2,0.5,NA,NA,NA,2021,4,0.9991032546865775,NA,3,29,NA,NA,NA
Pinar Puebla,5,1,Cistus_salviifolius,5-1 Cistus_salviifolius,April,2,2,1,NA,NA,NA,2021,2,0.9983888894984222,NA,3,11,NA,NA,NA
Pinar Puebla,5,7,Cistus_salviifolius,5-7 Cistus_salviifolius,April,2,2,1,NA,NA,NA,2021,2,0.9998819932535004,NA,2,15,NA,NA,NA
Pinar Puebla,6,1,Cistus_salviifolius,6-1 Cistus_salviifolius,March,20,19,0.95,148,55,0,2021,6,0.964365088565882,7,1,56,22,NA,11
Pinar Puebla,6,1,Cistus_salviifolius,6-1 Cistus_salviifolius,March,20,19,0.95,148,55,0,2021,10,0.964365088565882,7,1,56,22,NA,11
Pinar Puebla,6,1,Cistus_salviifolius,6-1 Cistus_salviifolius,March,20,19,0.95,148,55,0,2021,15,0.964365088565882,7,1,56,22,NA,11
Pinar Puebla,6,1,Cistus_salviifolius,6-1 Cistus_salviifolius,March,20,19,0.95,148,55,0,2021,22,0.964365088565882,7,1,56,22,NA,11
Pinar Puebla,6,1,Cistus_salviifolius,6-1 Cistus_salviifolius,March,20,19,0.95,148,55,0,2021,3,0.964365088565882,7,1,56,22,NA,11
Pinar Puebla,6,1,Cistus_salviifolius,6-1 Cistus_salviifolius,April,2,2,1,NA,NA,NA,2021,1,0.9998738353289285,NA,2,6,NA,NA,NA
Pinar Puebla,6,2,Cistus_salviifolius,6-2 Cistus_salviifolius,March,15,12,0.8,115,46,8,2021,8,0.9473652538203945,7,1,26,21,1,11
Pinar Puebla,6,2,Cistus_salviifolius,6-2 Cistus_salviifolius,March,15,12,0.8,115,46,8,2021,14,0.9473652538203945,7,1,26,21,1,11
Pinar Puebla,6,2,Cistus_salviifolius,6-2 Cistus_salviifolius,March,15,12,0.8,115,46,8,2021,4,0.9473652538203945,7,1,26,21,1,11
Pinar Puebla,7,1,Cistus_salviifolius,7-1 Cistus_salviifolius,March,5,5,1,71,34,0,2021,10,0.9999404718630643,4,2,290,18,NA,6
Pinar Puebla,7,1,Cistus_salviifolius,7-1 Cistus_salviifolius,March,5,5,1,71,34,0,2021,20,0.9999404718630643,4,2,290,18,NA,6
Pinar Puebla,7,7,Cistus_salviifolius,7-7 Cistus_salviifolius,March,15,14,0.9333333333333333,4,0,4,2021,8,0.9490612213355333,1,1,35,NA,NA,NA
Pinar Puebla,7,7,Cistus_salviifolius,7-7 Cistus_salviifolius,March,15,14,0.9333333333333333,4,0,4,2021,27,0.9490612213355333,1,1,35,NA,NA,NA
Pinar Puebla,8,6,Cistus_crispus,8-6 Cistus_crispus,April,2,2,1,21,24,3,NA,NA,NA,1,2,29,7,NA,3
Pinar Puebla,8,6,Cistus_crispus,8-6 Cistus_crispus,May,3,1,0.3333333333333333,NA,NA,NA,NA,NA,NA,NA,NA,NA,NA,NA,NA
Pinar Puebla,8,7,Cistus_crispus,8-7 Cistus_crispus,April,1,1,1,12,24,3,NA,NA,NA,1,2,24,2,NA,1
Pinar Puebla,8,7,Cistus_crispus,8-7 Cistus_crispus,May,4,0,0,NA,NA,NA,NA,NA,NA,NA,NA,NA,NA,NA,NA
Pinar Puebla,9,2,Cistus_salviifolius,9-2 Cistus_salviifolius,March,5,4,0.8,14,10,0,2021,2,0.9429732553903499,1,2,18,4,NA,2
Pinar Puebla,9,2,Cistus_salviifolius,9-2 Cistus_salviifolius,March,5,4,0.8,14,10,0,2021,9,0.9429732553903499,1,2,18,4,NA,2
Pinar Puebla,9,2,Cistus_salviifolius,9-2 Cistus_salviifolius,March,5,4,0.8,14,10,0,2021,4,0.9429732553903499,1,2,18,4,NA,2
Pinar Puebla,9,2,Cistus_salviifolius,9-2 Cistus_salviifolius,April,1,0,0,NA,NA,NA,2021,1,0.9998815671067885,NA,1,1,NA,NA,NA
Pinar Puebla,9,4,Cistus_salviifolius,9-4 Cistus_salviifolius,March,15,15,1,35,20,10,2021,7,0.9492885423773344,3,1,27,5,NA,2
Pinar Puebla,9,4,Cistus_salviifolius,9-4 Cistus_salviifolius,March,15,15,1,35,20,10,2021,9,0.9492885423773344,3,1,27,5,NA,2
Pinar Puebla,9,4,Cistus_salviifolius,9-4 Cistus_salviifolius,March,15,15,1,35,20,10,2021,11,0.9492885423773344,3,1,27,5,NA,2
Pinar Puebla,9,4,Cistus_salviifolius,9-4 Cistus_salviifolius,April,1,0,0,NA,NA,NA,2021,1,0.9998815684657757,NA,1,1,NA,NA,NA
Pinar Puebla,9,6,Cistus_crispus,9-6 Cistus_crispus,April,4,3,0.75,6,15,0,NA,NA,NA,1,1,8,2,NA,2
Pinar Puebla,9,6,Cistus_crispus,9-6 Cistus_crispus,May,4,1,0.25,NA,NA,NA,NA,NA,NA,NA,NA,NA,NA,NA,NA
Pinar Puebla,9,7,Cistus_crispus,9-7 Cistus_crispus,April,2,2,1,9,9,3,2021,1,0.9982439199604002,1,3,23,3,1,1
Pinar Puebla,9,7,Cistus_crispus,9-7 Cistus_crispus,April,2,2,1,9,9,3,2021,13,0.9982439199604002,1,3,23,3,1,1
Pinar Puebla,9,7,Cistus_crispus,9-7 Cistus_crispus,May,4,1,0.25,NA,NA,NA,2021,10,0.9982439199604002,NA,1,16,NA,NA,NA
Pinar Puebla,9,7,Cistus_crispus,9-7 Cistus_crispus,May,4,1,0.25,NA,NA,NA,2021,6,0.9982439199604002,NA,1,16,NA,NA,NA
Pinar Puebla,9,10,Cistus_salviifolius,9-10 Cistus_salviifolius,March,15,14,0.9333333333333333,76,4,3,2021,8,0.9546533254778723,2,1,62,14,NA,4
Pinar Puebla,9,10,Cistus_salviifolius,9-10 Cistus_salviifolius,March,15,14,0.9333333333333333,76,4,3,2021,12,0.9546533254778723,2,1,62,14,NA,4
Pinar Puebla,9,10,Cistus_salviifolius,9-10 Cistus_salviifolius,March,15,14,0.9333333333333333,76,4,3,2021,18,0.9546533254778723,2,1,62,14,NA,4
Pinar Puebla,9,10,Cistus_salviifolius,9-10 Cistus_salviifolius,March,15,14,0.9333333333333333,76,4,3,2021,24,0.9546533254778723,2,1,62,14,NA,4
Pinar Puebla,10,6,Cistus_crispus,10-6 Cistus_crispus,May,2,2,1,NA,NA,NA,NA,NA,NA,NA,NA,NA,NA,NA,NA
Pinar Puebla,10,7,Cistus_crispus,10-7 Cistus_crispus,April,4,4,1,21,18,3,NA,NA,NA,2,2,15,6,NA,2
Pinar Villamanrique Este (Chaparral),1,1,Cistus_salviifolius,1-1 Cistus_salviifolius,April,5,5,1,25,5,0,2021,9,0.9984556007546358,1,1,49,4,NA,1
Pinar Villamanrique Este (Chaparral),1,1,Cistus_salviifolius,1-1 Cistus_salviifolius,April,5,5,1,25,5,0,2021,12,0.9984556007546358,1,1,49,4,NA,1
Pinar Villamanrique Este (Chaparral),1,1,Cistus_salviifolius,1-1 Cistus_salviifolius,April,5,5,1,25,5,0,2021,13,0.9984556007546358,1,1,49,4,NA,1
Pinar Villamanrique Este (Chaparral),1,1,Cistus_salviifolius,1-1 Cistus_salviifolius,April,5,5,1,25,5,0,2021,3,0.9984556007546358,1,1,49,4,NA,1
Pinar Villamanrique Este (Chaparral),1,1,Cistus_salviifolius,1-1 Cistus_salviifolius,April,5,5,1,25,5,0,2021,8,0.9984556007546358,1,1,49,4,NA,1
Pinar Villamanrique Este (Chaparral),1,1,Cistus_salviifolius,1-1 Cistus_salviifolius,April,5,5,1,25,5,0,2021,2,0.9984556007546358,1,1,49,4,NA,1
Pinar Villamanrique Este (Chaparral),1,1,Cistus_salviifolius,1-1 Cistus_salviifolius,April,5,5,1,25,5,0,2021,1,0.9984556007546358,1,1,49,4,NA,1
Pinar Villamanrique Este (Chaparral),1,2,Cistus_crispus,1-2 Cistus_crispus,April,5,3,0.6,16,36,0,2021,9,0.9982814689836316,2,2,17,4,NA,3
Pinar Villamanrique Este (Chaparral),1,2,Cistus_crispus,1-2 Cistus_crispus,May,5,0,0,71,78,0,2021,1,0.9966830335581005,5,1,21,19,NA,6
Pinar Villamanrique Este (Chaparral),1,2,Cistus_crispus,1-2 Cistus_crispus,May,5,0,0,71,78,0,2021,10,0.9966830335581005,5,1,21,19,NA,6
Pinar Villamanrique Este (Chaparral),1,2,Cistus_crispus,1-2 Cistus_crispus,May,5,0,0,71,78,0,2021,2,0.9966830335581005,5,1,21,19,NA,6
Pinar Villamanrique Este (Chaparral),1,2,Cistus_crispus,1-2 Cistus_crispus,May,5,0,0,71,78,0,2021,8,0.9966830335581005,5,1,21,19,NA,6
Pinar Villamanrique Este (Chaparral),1,3,Cistus_crispus,1-3 Cistus_crispus,May,10,8,0.8,342,188,4,2021,1,0.9981192702775203,9,1,40,98,NA,16
Pinar Villamanrique Este (Chaparral),1,3,Cistus_crispus,1-3 Cistus_crispus,May,10,8,0.8,342,188,4,2021,24,0.9981192702775203,9,1,40,98,NA,16
Pinar Villamanrique Este (Chaparral),1,3,Cistus_crispus,1-3 Cistus_crispus,May,10,8,0.8,342,188,4,2021,14,0.9981192702775203,9,1,40,98,NA,16
Pinar Villamanrique Este (Chaparral),1,4,Cistus_crispus,1-4 Cistus_crispus,April,5,4,0.8,20,28,4,2021,7,0.9989389136032355,2,1,7,5,NA,2
Pinar Villamanrique Este (Chaparral),1,4,Cistus_crispus,1-4 Cistus_crispus,May,10,10,1,332,160,4,2021,9,0.9973720090824775,9,1,17,95,NA,15
Pinar Villamanrique Este (Chaparral),1,4,Cistus_crispus,1-4 Cistus_crispus,May,10,10,1,332,160,4,2021,8,0.9973720090824775,9,1,17,95,NA,15
Pinar Villamanrique Este (Chaparral),1,7,Cistus_crispus,1-7 Cistus_crispus,May,11,9,0.8181818181818182,85,59,0,2021,9,0.9981480153271973,2,1,26,22,NA,3
Pinar Villamanrique Este (Chaparral),1,7,Cistus_crispus,1-7 Cistus_crispus,May,11,9,0.8181818181818182,85,59,0,2021,16,0.9981480153271973,2,1,26,22,NA,3
Pinar Villamanrique Este (Chaparral),1,7,Cistus_crispus,1-7 Cistus_crispus,May,11,9,0.8181818181818182,85,59,0,2021,1,0.9981480153271973,2,1,26,22,NA,3
Pinar Villamanrique Este (Chaparral),1,8,Cistus_salviifolius,1-8 Cistus_salviifolius,April,15,14,0.9333333333333333,10,15,5,2021,20,0.9986767334550166,3,1,66,1,NA,1
Pinar Villamanrique Este (Chaparral),1,8,Cistus_salviifolius,1-8 Cistus_salviifolius,April,15,14,0.9333333333333333,10,15,5,2021,6,0.9986767334550166,3,1,66,1,NA,1
Pinar Villamanrique Este (Chaparral),1,8,Cistus_salviifolius,1-8 Cistus_salviifolius,April,15,14,0.9333333333333333,10,15,5,2021,23,0.9986767334550166,3,1,66,1,NA,1
Pinar Villamanrique Este (Chaparral),1,8,Cistus_salviifolius,1-8 Cistus_salviifolius,April,15,14,0.9333333333333333,10,15,5,2021,5,0.9986767334550166,3,1,66,1,NA,1
Pinar Villamanrique Este (Chaparral),1,8,Cistus_salviifolius,1-8 Cistus_salviifolius,April,15,14,0.9333333333333333,10,15,5,2021,4,0.9986767334550166,3,1,66,1,NA,1
Pinar Villamanrique Este (Chaparral),1,8,Cistus_salviifolius,1-8 Cistus_salviifolius,April,15,14,0.9333333333333333,10,15,5,2021,8,0.9986767334550166,3,1,66,1,NA,1
Pinar Villamanrique Este (Chaparral),1,10,Cistus_salviifolius,1-10 Cistus_salviifolius,April,5,5,1,NA,NA,NA,2021,5,0.9940390932226831,NA,1,5,NA,NA,NA
Pinar Villamanrique Este (Chaparral),2,1,Cistus_salviifolius,2-1 Cistus_salviifolius,April,5,4,0.8,2,1,0,2021,33,0.9991491112539177,1,1,36,2,NA,1
Pinar Villamanrique Este (Chaparral),2,1,Cistus_salviifolius,2-1 Cistus_salviifolius,April,5,4,0.8,2,1,0,2021,1,0.9991491112539177,1,1,36,2,NA,1
Pinar Villamanrique Este (Chaparral),2,3,Cistus_crispus,2-3 Cistus_crispus,May,10,9,0.9,264,177,4,2021,8,0.9975587980932228,7,1,28,75,NA,14
Pinar Villamanrique Este (Chaparral),2,3,Cistus_crispus,2-3 Cistus_crispus,May,10,9,0.9,264,177,4,2021,12,0.9975587980932228,7,1,28,75,NA,14
Pinar Villamanrique Este (Chaparral),2,3,Cistus_crispus,2-3 Cistus_crispus,May,10,9,0.9,264,177,4,2021,4,0.9975587980932228,7,1,28,75,NA,14
Pinar Villamanrique Este (Chaparral),2,5,Cistus_crispus,2-5 Cistus_crispus,April,5,1,0.2,20,24,0,2021,4,0.9989277698298118,1,1,4,5,NA,2
Pinar Villamanrique Este (Chaparral),2,5,Cistus_crispus,2-5 Cistus_crispus,May,10,7,0.7,132,102,0,2021,9,0.973822135119795,5,2,27,34,NA,7
Pinar Villamanrique Este (Chaparral),2,5,Cistus_crispus,2-5 Cistus_crispus,May,10,7,0.7,132,102,0,2021,13,0.973822135119795,5,2,27,34,NA,7
Pinar Villamanrique Este (Chaparral),2,6,Cistus_salviifolius,2-6 Cistus_salviifolius,April,10,9,0.9,8,4,4,2021,5,0.9988783657193432,1,1,53,2,NA,1
Pinar Villamanrique Este (Chaparral),2,6,Cistus_salviifolius,2-6 Cistus_salviifolius,April,10,9,0.9,8,4,4,2021,4,0.9988783657193432,1,1,53,2,NA,1
Pinar Villamanrique Este (Chaparral),2,6,Cistus_salviifolius,2-6 Cistus_salviifolius,April,10,9,0.9,8,4,4,2021,20,0.9988783657193432,1,1,53,2,NA,1
Pinar Villamanrique Este (Chaparral),2,6,Cistus_salviifolius,2-6 Cistus_salviifolius,April,10,9,0.9,8,4,4,2021,2,0.9988783657193432,1,1,53,2,NA,1
Pinar Villamanrique Este (Chaparral),2,6,Cistus_salviifolius,2-6 Cistus_salviifolius,April,10,9,0.9,8,4,4,2021,18,0.9988783657193432,1,1,53,2,NA,1
Pinar Villamanrique Este (Chaparral),3,1,Cistus_crispus,3-1 Cistus_crispus,April,1,1,1,4,8,0,2021,1,0.9978892248403878,1,2,43,1,NA,1
Pinar Villamanrique Este (Chaparral),3,1,Cistus_crispus,3-1 Cistus_crispus,April,1,1,1,4,8,0,2021,2,0.9978892248403878,1,2,43,1,NA,1
Pinar Villamanrique Este (Chaparral),3,1,Cistus_crispus,3-1 Cistus_crispus,May,1,1,1,8,0,0,2021,7,0.9986421872451549,1,1,10,1,NA,1
Pinar Villamanrique Este (Chaparral),3,1,Cistus_crispus,3-1 Cistus_crispus,May,1,1,1,8,0,0,2021,1,0.9986421872451549,1,1,10,1,NA,1
Pinar Villamanrique Este (Chaparral),3,2,Cistus_salviifolius,3-2 Cistus_salviifolius,April,5,5,1,2,1,0,2021,13,0.9465866407224591,1,2,23,1,NA,1
Pinar Villamanrique Este (Chaparral),3,2,Cistus_salviifolius,3-2 Cistus_salviifolius,April,5,5,1,2,1,0,2021,1,0.9465866407224591,1,2,23,1,NA,1
Pinar Villamanrique Este (Chaparral),3,2,Cistus_salviifolius,3-2 Cistus_salviifolius,April,5,5,1,2,1,0,2021,4,0.9465866407224591,1,2,23,1,NA,1
Pinar Villamanrique Este (Chaparral),3,7,Cistus_salviifolius,3-7 Cistus_salviifolius,April,5,4,0.8,5,10,0,2021,1,0.9774826874154019,1,1,10,1,NA,1
Pinar Villamanrique Este (Chaparral),3,7,Cistus_salviifolius,3-7 Cistus_salviifolius,April,5,4,0.8,5,10,0,2021,6,0.9774826874154019,1,1,10,1,NA,1
Pinar Villamanrique Este (Chaparral),3,7,Cistus_salviifolius,3-7 Cistus_salviifolius,April,5,4,0.8,5,10,0,2021,3,0.9774826874154019,1,1,10,1,NA,1
Pinar Villamanrique Este (Chaparral),3,8,Cistus_salviifolius,3-8 Cistus_salviifolius,April,10,4,0.4,2,1,0,2021,32,0.9993345273664014,1,1,70,2,NA,1
Pinar Villamanrique Este (Chaparral),3,8,Cistus_salviifolius,3-8 Cistus_salviifolius,April,10,4,0.4,2,1,0,2021,30,0.9993345273664014,1,1,70,2,NA,1
Pinar Villamanrique Este (Chaparral),3,8,Cistus_salviifolius,3-8 Cistus_salviifolius,April,10,4,0.4,2,1,0,2021,8,0.9993345273664014,1,1,70,2,NA,1
Pinar Villamanrique Este (Chaparral),3,9,Cistus_ladanifer,3-9 Cistus_ladanifer,March,10,3,0.3,60,25,0,2021,1,0.9197898755885754,2,1,16,11,NA,3
Pinar Villamanrique Este (Chaparral),3,9,Cistus_ladanifer,3-9 Cistus_ladanifer,March,10,3,0.3,60,25,0,2021,7,0.9197898755885754,2,1,16,11,NA,3
Pinar Villamanrique Este (Chaparral),3,9,Cistus_ladanifer,3-9 Cistus_ladanifer,March,10,3,0.3,60,25,0,2021,8,0.9197898755885754,2,1,16,11,NA,3
Pinar Villamanrique Este (Chaparral),3,10,Cistus_salviifolius,3-10 Cistus_salviifolius,April,5,5,1,4,1,1,2021,28,0.9990171069492012,1,2,89,3,NA,1
Pinar Villamanrique Este (Chaparral),3,10,Cistus_salviifolius,3-10 Cistus_salviifolius,April,5,5,1,4,1,1,2021,16,0.9990171069492012,1,2,89,3,NA,1
Pinar Villamanrique Este (Chaparral),3,10,Cistus_salviifolius,3-10 Cistus_salviifolius,April,5,5,1,4,1,1,2021,10,0.9990171069492012,1,2,89,3,NA,1
Pinar Villamanrique Este (Chaparral),4,2,Cistus_salviifolius,4-2 Cistus_salviifolius,April,15,13,0.8666666666666667,NA,NA,NA,2021,10,0.9773494619622608,NA,2,26,NA,NA,NA
Pinar Villamanrique Este (Chaparral),4,2,Cistus_salviifolius,4-2 Cistus_salviifolius,April,15,13,0.8666666666666667,NA,NA,NA,2021,5,0.9773494619622608,NA,2,26,NA,NA,NA
Pinar Villamanrique Este (Chaparral),4,5,Cistus_crispus,4-5 Cistus_crispus,April,1,1,1,NA,NA,NA,2021,1,0.7328721629052589,NA,3,14,NA,NA,NA
Pinar Villamanrique Este (Chaparral),4,5,Cistus_ladanifer,4-5 Cistus_ladanifer,March,5,5,1,NA,NA,NA,2021,5,0.9219429157412754,NA,2,7,NA,NA,NA
Pinar Villamanrique Este (Chaparral),4,5,Cistus_ladanifer,4-5 Cistus_ladanifer,April,2,1,0.5,NA,NA,NA,2021,2,0.9558815670481708,NA,3,14,NA,NA,NA
Pinar Villamanrique Este (Chaparral),4,7,Cistus_crispus,4-7 Cistus_crispus,April,5,5,1,8,0,8,2021,6,0.9988512170717929,1,1,6,2,1,1
Pinar Villamanrique Este (Chaparral),4,7,Cistus_crispus,4-7 Cistus_crispus,May,5,3,0.6,3,9,0,2021,5,0.9993599363948288,1,1,5,1,NA,1
Pinar Villamanrique Este (Chaparral),4,9,Cistus_salviifolius,4-9 Cistus_salviifolius,April,5,4,0.8,3,2,0,2021,13,0.998934769260085,1,1,48,2,NA,1
Pinar Villamanrique Este (Chaparral),4,9,Cistus_salviifolius,4-9 Cistus_salviifolius,April,5,4,0.8,3,2,0,2021,29,0.998934769260085,1,1,48,2,NA,1
Pinar Villamanrique Este (Chaparral),4,9,Cistus_salviifolius,4-9 Cistus_salviifolius,April,5,4,0.8,3,2,0,2021,6,0.998934769260085,1,1,48,2,NA,1
Pinar Villamanrique Este (Chaparral),4,10,Cistus_ladanifer,4-10 Cistus_ladanifer,March,4,2,0.5,25,15,0,2021,4,0.9978157148812374,1,2,376,5,NA,1
Pinar Villamanrique Este (Chaparral),4,10,Cistus_ladanifer,4-10 Cistus_ladanifer,March,4,2,0.5,25,15,0,2021,2,0.9978157148812374,1,2,376,5,NA,1
Pinar Villamanrique Este (Chaparral),5,1,Cistus_ladanifer,5-1 Cistus_ladanifer,April,2,1,0.5,NA,NA,NA,2021,2,0.9470901335497868,NA,2,3,NA,NA,NA
Pinar Villamanrique Este (Chaparral),5,2,Cistus_ladanifer,5-2 Cistus_ladanifer,April,1,1,1,NA,NA,NA,2021,1,0.9971602557575113,NA,1,1,NA,NA,NA
Pinar Villamanrique Este (Chaparral),5,4,Cistus_crispus,5-4 Cistus_crispus,April,6,4,0.6666666666666666,223,118,16,2021,1,0.9954645776174249,5,2,35,51,2,10
Pinar Villamanrique Este (Chaparral),5,4,Cistus_crispus,5-4 Cistus_crispus,April,6,4,0.6666666666666666,223,118,16,2021,21,0.9954645776174249,5,2,35,51,2,10
Pinar Villamanrique Este (Chaparral),5,4,Cistus_crispus,5-4 Cistus_crispus,May,10,9,0.9,136,108,0,2021,18,0.9986997806025012,7,1,30,39,NA,9
Pinar Villamanrique Este (Chaparral),5,4,Cistus_crispus,5-4 Cistus_crispus,May,10,9,0.9,136,108,0,2021,12,0.9986997806025012,7,1,30,39,NA,9
Pinar Villamanrique Este (Chaparral),5,4,Cistus_salviifolius,5-4 Cistus_salviifolius,April,5,5,1,NA,NA,NA,2021,12,0.9936808613896763,NA,2,35,NA,NA,NA
Pinar Villamanrique Este (Chaparral),5,4,Cistus_salviifolius,5-4 Cistus_salviifolius,April,5,5,1,NA,NA,NA,2021,1,0.9936808613896763,NA,2,35,NA,NA,NA
Pinar Villamanrique Este (Chaparral),5,5,Cistus_crispus,5-5 Cistus_crispus,April,5,3,0.6,12,24,0,2021,6,0.9615680476914299,2,2,12,3,NA,2
Pinar Villamanrique Este (Chaparral),5,5,Cistus_crispus,5-5 Cistus_crispus,May,6,2,0.3333333333333333,177,44,0,2021,12,0.9979603827084296,3,1,22,45,NA,5
Pinar Villamanrique Este (Chaparral),5,5,Cistus_crispus,5-5 Cistus_crispus,May,6,2,0.3333333333333333,177,44,0,2021,9,0.9979603827084296,3,1,22,45,NA,5
Pinar Villamanrique Este (Chaparral),5,5,Cistus_crispus,5-5 Cistus_crispus,May,6,2,0.3333333333333333,177,44,0,2021,1,0.9979603827084296,3,1,22,45,NA,5
Pinar Villamanrique Este (Chaparral),5,6,Cistus_salviifolius,5-6 Cistus_salviifolius,April,5,5,1,18,15,12,2021,19,0.9990410075747123,3,1,38,3,NA,3
Pinar Villamanrique Este (Chaparral),5,6,Cistus_salviifolius,5-6 Cistus_salviifolius,April,5,5,1,18,15,12,2021,13,0.9990410075747123,3,1,38,3,NA,3
Pinar Villamanrique Este (Chaparral),5,6,Cistus_salviifolius,5-6 Cistus_salviifolius,April,5,5,1,18,15,12,2021,6,0.9990410075747123,3,1,38,3,NA,3
Pinar Villamanrique Este (Chaparral),5,9,Cistus_salviifolius,5-9 Cistus_salviifolius,April,5,3,0.6,10,15,0,2021,18,0.991093860340875,1,1,28,2,NA,1
Pinar Villamanrique Este (Chaparral),5,9,Cistus_salviifolius,5-9 Cistus_salviifolius,April,5,3,0.6,10,15,0,2021,10,0.991093860340875,1,1,28,2,NA,1
Pinar Villamanrique Este (Chaparral),5,10,Cistus_ladanifer,5-10 Cistus_ladanifer,March,10,3,0.3,85,45,15,2021,2,0.9186999752276569,4,1,32,13,NA,4
Pinar Villamanrique Este (Chaparral),5,10,Cistus_ladanifer,5-10 Cistus_ladanifer,March,10,3,0.3,85,45,15,2021,9,0.9186999752276569,4,1,32,13,NA,4
Pinar Villamanrique Este (Chaparral),5,10,Cistus_ladanifer,5-10 Cistus_ladanifer,March,10,3,0.3,85,45,15,2021,5,0.9186999752276569,4,1,32,13,NA,4
Pinar Villamanrique Este (Chaparral),5,10,Cistus_ladanifer,5-10 Cistus_ladanifer,March,10,3,0.3,85,45,15,2021,7,0.9186999752276569,4,1,32,13,NA,4
Pinar Villamanrique Este (Chaparral),6,1,Cistus_crispus,6-1 Cistus_crispus,April,1,0,0,25,38,0,2021,1,0.9989461329755924,2,1,3,5,NA,4
Pinar Villamanrique Este (Chaparral),6,4,Cistus_crispus,6-4 Cistus_crispus,April,8,6,0.75,436,98,12,2021,3,0.9920968978452152,4,2,33,102,NA,10
Pinar Villamanrique Este (Chaparral),6,4,Cistus_crispus,6-4 Cistus_crispus,April,8,6,0.75,436,98,12,2021,29,0.9920968978452152,4,2,33,102,NA,10
Pinar Villamanrique Este (Chaparral),6,4,Cistus_crispus,6-4 Cistus_crispus,May,10,7,0.7,147,77,0,2021,15,0.9986413450318171,5,1,25,45,NA,6
Pinar Villamanrique Este (Chaparral),6,4,Cistus_crispus,6-4 Cistus_crispus,May,10,7,0.7,147,77,0,2021,10,0.9986413450318171,5,1,25,45,NA,6
Pinar Villamanrique Este (Chaparral),6,5,Cistus_crispus,6-5 Cistus_crispus,April,1,1,1,30,56,4,2021,1,0.810463506796192,4,3,19,7,NA,6
Pinar Villamanrique Este (Chaparral),6,5,Cistus_crispus,6-5 Cistus_crispus,April,1,1,1,30,56,4,2021,2,0.810463506796192,4,3,19,7,NA,6
Pinar Villamanrique Este (Chaparral),6,5,Cistus_ladanifer,6-5 Cistus_ladanifer,April,1,1,1,NA,NA,NA,2021,1,0.9718664180461254,NA,3,19,NA,NA,NA
Pinar Villamanrique Este (Chaparral),6,6,Cistus_crispus,6-6 Cistus_crispus,April,1,0,0,NA,NA,NA,2021,1,0.9989482928556636,NA,2,104,NA,NA,NA
Pinar Villamanrique Este (Chaparral),6,6,Cistus_salviifolius,6-6 Cistus_salviifolius,March,5,5,1,NA,NA,NA,2021,5,0.998306533793158,NA,1,5,NA,NA,NA
Pinar Villamanrique Este (Chaparral),6,6,Cistus_salviifolius,6-6 Cistus_salviifolius,April,10,9,0.9,18,9,8,2021,6,0.9987794257447726,2,2,104,3,1,2
Pinar Villamanrique Este (Chaparral),6,6,Cistus_salviifolius,6-6 Cistus_salviifolius,April,10,9,0.9,18,9,8,2021,57,0.9987794257447726,2,2,104,3,1,2
Pinar Villamanrique Este (Chaparral),6,6,Cistus_salviifolius,6-6 Cistus_salviifolius,April,10,9,0.9,18,9,8,2021,32,0.9987794257447726,2,2,104,3,1,2
Pinar Villamanrique Este (Chaparral),6,6,Cistus_salviifolius,6-6 Cistus_salviifolius,April,10,9,0.9,18,9,8,2021,1,0.9987794257447726,2,2,104,3,1,2
Pinar Villamanrique Este (Chaparral),6,8,Cistus_salviifolius,6-8 Cistus_salviifolius,March,5,4,0.8,3,6,6,2021,5,0.9980267888056734,1,1,5,1,NA,1
Pinar Villamanrique Este (Chaparral),7,1,Cistus_crispus,7-1 Cistus_crispus,April,5,5,1,76,16,0,2021,14,0.9956764738019541,2,2,37,17,NA,3
Pinar Villamanrique Este (Chaparral),7,1,Cistus_crispus,7-1 Cistus_crispus,April,5,5,1,76,16,0,2021,1,0.9956764738019541,2,2,37,17,NA,3
Pinar Villamanrique Este (Chaparral),7,1,Cistus_crispus,7-1 Cistus_crispus,May,11,11,1,45,36,0,2021,17,0.9981460449204616,3,1,30,13,NA,4
Pinar Villamanrique Este (Chaparral),7,1,Cistus_crispus,7-1 Cistus_crispus,May,11,11,1,45,36,0,2021,1,0.9981460449204616,3,1,30,13,NA,4
Pinar Villamanrique Este (Chaparral),7,1,Cistus_crispus,7-1 Cistus_crispus,May,11,11,1,45,36,0,2021,12,0.9981460449204616,3,1,30,13,NA,4
Pinar Villamanrique Este (Chaparral),7,8,Cistus_salviifolius,7-8 Cistus_salviifolius,March,3,0,0,NA,NA,NA,2021,3,0.9982131795838182,NA,1,3,NA,NA,NA
Pinar Villamanrique Este (Chaparral),7,8,Cistus_salviifolius,7-8 Cistus_salviifolius,April,10,8,0.8,30,20,5,2021,3,0.999119240530015,3,1,91,5,1,3
Pinar Villamanrique Este (Chaparral),7,8,Cistus_salviifolius,7-8 Cistus_salviifolius,April,10,8,0.8,30,20,5,2021,58,0.999119240530015,3,1,91,5,1,3
Pinar Villamanrique Este (Chaparral),7,8,Cistus_salviifolius,7-8 Cistus_salviifolius,April,10,8,0.8,30,20,5,2021,19,0.999119240530015,3,1,91,5,1,3
Pinar Villamanrique Este (Chaparral),7,8,Cistus_salviifolius,7-8 Cistus_salviifolius,April,10,8,0.8,30,20,5,2021,8,0.999119240530015,3,1,91,5,1,3
Pinar Villamanrique Este (Chaparral),7,9,Cistus_ladanifer,7-9 Cistus_ladanifer,March,5,1,0.2,36,14,9,2021,12,0.9111801899155838,3,2,22,7,NA,4
Pinar Villamanrique Este (Chaparral),7,9,Cistus_ladanifer,7-9 Cistus_ladanifer,April,20,15,0.75,39,5,10,2021,21,0.9942914824641196,2,2,68,12,1,4
Pinar Villamanrique Este (Chaparral),7,9,Cistus_ladanifer,7-9 Cistus_ladanifer,April,20,15,0.75,39,5,10,2021,4,0.9942914824641196,2,2,68,12,1,4
Pinar Villamanrique Este (Chaparral),7,9,Cistus_salviifolius,7-9 Cistus_salviifolius,March,5,4,0.8,3,6,6,2021,10,0.9890603886344348,1,2,22,1,NA,1
Pinar Villamanrique Este (Chaparral),7,9,Cistus_salviifolius,7-9 Cistus_salviifolius,April,10,9,0.9,5,5,5,2021,24,0.968769596967224,1,2,68,1,1,1
Pinar Villamanrique Este (Chaparral),7,9,Cistus_salviifolius,7-9 Cistus_salviifolius,April,10,9,0.9,5,5,5,2021,16,0.968769596967224,1,2,68,1,1,1
Pinar Villamanrique Este (Chaparral),7,9,Cistus_salviifolius,7-9 Cistus_salviifolius,April,10,9,0.9,5,5,5,2021,3,0.968769596967224,1,2,68,1,1,1
Pinar Villamanrique Este (Chaparral),7,10,Cistus_ladanifer,7-10 Cistus_ladanifer,April,1,1,1,NA,NA,NA,2021,1,0.9959726939430559,NA,1,1,NA,NA,NA
Pinar Villamanrique Este (Chaparral),8,3,Cistus_ladanifer,8-3 Cistus_ladanifer,March,4,3,0.75,21,6,0,2021,1,0.853622722361985,2,2,6,6,NA,2
Pinar Villamanrique Este (Chaparral),8,3,Cistus_ladanifer,8-3 Cistus_ladanifer,March,4,3,0.75,21,6,0,2021,4,0.853622722361985,2,2,6,6,NA,2
Pinar Villamanrique Este (Chaparral),8,3,Cistus_salviifolius,8-3 Cistus_salviifolius,April,15,9,0.6,NA,NA,NA,2021,6,0.9991183131561486,NA,1,27,NA,NA,NA
Pinar Villamanrique Este (Chaparral),8,3,Cistus_salviifolius,8-3 Cistus_salviifolius,April,15,9,0.6,NA,NA,NA,2021,3,0.9991183131561486,NA,1,27,NA,NA,NA
Pinar Villamanrique Este (Chaparral),8,3,Cistus_salviifolius,8-3 Cistus_salviifolius,April,15,9,0.6,NA,NA,NA,2021,4,0.9991183131561486,NA,1,27,NA,NA,NA
Pinar Villamanrique Este (Chaparral),8,3,Cistus_salviifolius,8-3 Cistus_salviifolius,April,15,9,0.6,NA,NA,NA,2021,5,0.9991183131561486,NA,1,27,NA,NA,NA
Pinar Villamanrique Este (Chaparral),9,5,Cistus_crispus,9-5 Cistus_crispus,April,5,1,0.2,36,0,0,2021,12,0.9982362667043703,2,2,22,7,NA,2
Pinar Villamanrique Este (Chaparral),9,5,Cistus_crispus,9-5 Cistus_crispus,May,6,6,1,30,3,0,2021,7,0.9987649049587588,1,1,11,9,NA,1
Pinar Villamanrique Este (Chaparral),9,5,Cistus_crispus,9-5 Cistus_crispus,May,6,6,1,30,3,0,2021,4,0.9987649049587588,1,1,11,9,NA,1
Pinar Villamanrique Este (Chaparral),9,6,Cistus_salviifolius,9-6 Cistus_salviifolius,March,5,4,0.8,36,6,15,2021,3,0.9978880161044935,2,2,4,11,4,3
Pinar Villamanrique Este (Chaparral),9,6,Cistus_salviifolius,9-6 Cistus_salviifolius,April,5,4,0.8,5,15,0,2021,10,0.9979298915804562,1,1,13,1,NA,1
Pinar Villamanrique Este (Chaparral),9,6,Cistus_salviifolius,9-6 Cistus_salviifolius,April,5,4,0.8,5,15,0,2021,3,0.9979298915804562,1,1,13,1,NA,1
Pinar Villamanrique Este (Chaparral),10,2,Cistus_ladanifer,10-2 Cistus_ladanifer,March,10,2,0.2,309,12,0,2021,2,0.939368739637568,8,1,37,65,NA,12
Pinar Villamanrique Este (Chaparral),10,2,Cistus_ladanifer,10-2 Cistus_ladanifer,March,10,2,0.2,309,12,0,2021,16,0.939368739637568,8,1,37,65,NA,12
Pinar Villamanrique Este (Chaparral),10,2,Cistus_ladanifer,10-2 Cistus_ladanifer,March,10,2,0.2,309,12,0,2021,19,0.939368739637568,8,1,37,65,NA,12
Pinar Villamanrique Este (Chaparral),10,6,Cistus_ladanifer,10-6 Cistus_ladanifer,March,8,1,0.125,66,9,6,2021,3,0.92089108064571,2,1,17,22,3,3
Pinar Villamanrique Este (Chaparral),10,6,Cistus_ladanifer,10-6 Cistus_ladanifer,March,8,1,0.125,66,9,6,2021,14,0.92089108064571,2,1,17,22,3,3
Pinar Villamanrique Este (Chaparral),10,8,Cistus_ladanifer,10-8 Cistus_ladanifer,March,5,3,0.6,65,22,12,2021,11,0.9212755047920913,4,1,11,16,NA,3
Pinar Villamanrique Este (Chaparral),10,8,Cistus_ladanifer,10-8 Cistus_ladanifer,April,2,0,0,2,1,0,2021,2,0.996935088106876,1,1,4,1,NA,1
Pinar Villamanrique Este (Chaparral),10,9,Cistus_ladanifer,10-9 Cistus_ladanifer,March,5,0,0,28,9,0,2021,32,0.9219691081008966,1,1,32,8,NA,1
Pinar Villamanrique Este (Chaparral),10,9,Cistus_ladanifer,10-9 Cistus_ladanifer,April,5,4,0.8,4,3,0,2021,5,0.9970666024905908,2,1,5,4,NA,2
Pinar Villamanrique Este (Chaparral),10,10,Cistus_ladanifer,10-10 Cistus_ladanifer,March,5,0,0,9,3,0,2021,1,0.9204689812652794,1,1,15,3,NA,1
Pinar Villamanrique Este (Chaparral),10,10,Cistus_ladanifer,10-10 Cistus_ladanifer,March,5,0,0,9,3,0,2021,14,0.9204689812652794,1,1,15,3,NA,1
Pinar Villamanrique Sur,1,1,Cistus_salviifolius,1-1 Cistus_salviifolius,April,5,5,1,14,2,0,2021,6,0.9999820347481772,1,2,72,7,NA,1
Pinar Villamanrique Sur,1,1,Cistus_salviifolius,1-1 Cistus_salviifolius,April,5,5,1,14,2,0,2021,28,0.9999820347481772,1,2,72,7,NA,1
Pinar Villamanrique Sur,1,1,Cistus_salviifolius,1-1 Cistus_salviifolius,April,5,5,1,14,2,0,2021,12,0.9999820347481772,1,2,72,7,NA,1
Pinar Villamanrique Sur,1,1,Cistus_salviifolius,1-1 Cistus_salviifolius,April,5,5,1,14,2,0,2021,18,0.9999820347481772,1,2,72,7,NA,1
Pinar Villamanrique Sur,1,2,Cistus_salviifolius,1-2 Cistus_salviifolius,March,5,0,0,NA,NA,NA,2021,2,0.9995387322618147,NA,1,11,NA,NA,NA
Pinar Villamanrique Sur,1,2,Cistus_salviifolius,1-2 Cistus_salviifolius,March,5,0,0,NA,NA,NA,2021,6,0.9995387322618147,NA,1,11,NA,NA,NA
Pinar Villamanrique Sur,1,2,Cistus_salviifolius,1-2 Cistus_salviifolius,March,5,0,0,NA,NA,NA,2021,3,0.9995387322618147,NA,1,11,NA,NA,NA
Pinar Villamanrique Sur,1,3,Cistus_salviifolius,1-3 Cistus_salviifolius,March,5,5,1,5,10,0,2021,3,0.9986781274954041,1,1,9,1,NA,1
Pinar Villamanrique Sur,1,3,Cistus_salviifolius,1-3 Cistus_salviifolius,March,5,5,1,5,10,0,2021,6,0.9986781274954041,1,1,9,1,NA,1
Pinar Villamanrique Sur,1,6,Cistus_salviifolius,1-6 Cistus_salviifolius,March,10,10,1,334,26,5,2021,7,0.9999767339841847,6,1,45,74,1,9
Pinar Villamanrique Sur,1,6,Cistus_salviifolius,1-6 Cistus_salviifolius,March,10,10,1,334,26,5,2021,4,0.9999767339841847,6,1,45,74,1,9
Pinar Villamanrique Sur,1,6,Cistus_salviifolius,1-6 Cistus_salviifolius,March,10,10,1,334,26,5,2021,28,0.9999767339841847,6,1,45,74,1,9
Pinar Villamanrique Sur,1,6,Cistus_salviifolius,1-6 Cistus_salviifolius,March,10,10,1,334,26,5,2021,6,0.9999767339841847,6,1,45,74,1,9
Pinar Villamanrique Sur,1,6,Cistus_salviifolius,1-6 Cistus_salviifolius,April,5,5,1,180,20,0,2021,23,0.9999820316668605,1,1,41,35,NA,1
Pinar Villamanrique Sur,1,6,Cistus_salviifolius,1-6 Cistus_salviifolius,April,5,5,1,180,20,0,2021,6,0.9999820316668605,1,1,41,35,NA,1
Pinar Villamanrique Sur,1,6,Cistus_salviifolius,1-6 Cistus_salviifolius,April,5,5,1,180,20,0,2021,8,0.9999820316668605,1,1,41,35,NA,1
Pinar Villamanrique Sur,1,6,Cistus_salviifolius,1-6 Cistus_salviifolius,April,5,5,1,180,20,0,2021,4,0.9999820316668605,1,1,41,35,NA,1
Pinar Villamanrique Sur,1,9,Halimium_halimifolium,1-9 Halimium_halimifolium,April,30,16,0.5333333333333333,NA,NA,NA,2021,10,0.9998580773092072,NA,1,56,NA,NA,NA
Pinar Villamanrique Sur,1,9,Halimium_halimifolium,1-9 Halimium_halimifolium,April,30,16,0.5333333333333333,NA,NA,NA,2021,46,0.9998580773092072,NA,1,56,NA,NA,NA
Pinar Villamanrique Sur,1,9,Halimium_halimifolium,1-9 Halimium_halimifolium,May,25,1,0.04,NA,NA,NA,2021,83,0.9998669474773817,NA,1,117,NA,NA,NA
Pinar Villamanrique Sur,1,9,Halimium_halimifolium,1-9 Halimium_halimifolium,May,25,1,0.04,NA,NA,NA,2021,29,0.9998669474773817,NA,1,117,NA,NA,NA
Pinar Villamanrique Sur,1,9,Halimium_halimifolium,1-9 Halimium_halimifolium,May,25,1,0.04,NA,NA,NA,2021,5,0.9998669474773817,NA,1,117,NA,NA,NA
Pinar Villamanrique Sur,1,10,Cistus_salviifolius,1-10 Cistus_salviifolius,April,1,1,1,NA,NA,NA,2021,17,0.9929630431900868,NA,1,29,NA,NA,NA
Pinar Villamanrique Sur,1,10,Cistus_salviifolius,1-10 Cistus_salviifolius,April,1,1,1,NA,NA,NA,2021,11,0.9929630431900868,NA,1,29,NA,NA,NA
Pinar Villamanrique Sur,1,10,Cistus_salviifolius,1-10 Cistus_salviifolius,April,1,1,1,NA,NA,NA,2021,1,0.9929630431900868,NA,1,29,NA,NA,NA
Pinar Villamanrique Sur,2,3,Cistus_salviifolius,2-3 Cistus_salviifolius,March,10,8,0.8,20,10,0,2021,5,0.9999824420726054,1,1,28,4,NA,1
Pinar Villamanrique Sur,2,3,Cistus_salviifolius,2-3 Cistus_salviifolius,March,10,8,0.8,20,10,0,2021,3,0.9999824420726054,1,1,28,4,NA,1
Pinar Villamanrique Sur,2,3,Cistus_salviifolius,2-3 Cistus_salviifolius,March,10,8,0.8,20,10,0,2021,20,0.9999824420726054,1,1,28,4,NA,1
Pinar Villamanrique Sur,2,9,Cistus_salviifolius,2-9 Cistus_salviifolius,March,5,5,1,95,22,0,2021,9,0.9999861773985499,3,1,27,19,NA,3
Pinar Villamanrique Sur,2,9,Cistus_salviifolius,2-9 Cistus_salviifolius,March,5,5,1,95,22,0,2021,18,0.9999861773985499,3,1,27,19,NA,3
Pinar Villamanrique Sur,2,9,Cistus_salviifolius,2-9 Cistus_salviifolius,April,1,0,0,15,10,0,2021,29,0.9999778193482846,1,1,49,3,NA,1
Pinar Villamanrique Sur,2,9,Cistus_salviifolius,2-9 Cistus_salviifolius,April,1,0,0,15,10,0,2021,19,0.9999778193482846,1,1,49,3,NA,1
Pinar Villamanrique Sur,2,9,Cistus_salviifolius,2-9 Cistus_salviifolius,April,1,0,0,15,10,0,2021,1,0.9999778193482846,1,1,49,3,NA,1
Pinar Villamanrique Sur,2,10,Cistus_salviifolius,2-10 Cistus_salviifolius,April,2,1,0.5,10,10,0,2021,38,0.9999792934015168,1,1,53,1,NA,1
Pinar Villamanrique Sur,2,10,Cistus_salviifolius,2-10 Cistus_salviifolius,April,2,1,0.5,10,10,0,2021,13,0.9999792934015168,1,1,53,1,NA,1
Pinar Villamanrique Sur,2,10,Cistus_salviifolius,2-10 Cistus_salviifolius,April,2,1,0.5,10,10,0,2021,2,0.9999792934015168,1,1,53,1,NA,1
Pinar Villamanrique Sur,3,1,Halimium_halimifolium,3-1 Halimium_halimifolium,April,21,4,0.19047619047619047,44,0,0,2021,1,0.9997871159073064,1,2,29,10,NA,1
Pinar Villamanrique Sur,3,1,Halimium_halimifolium,3-1 Halimium_halimifolium,April,21,4,0.19047619047619047,44,0,0,2021,11,0.9997871159073064,1,2,29,10,NA,1
Pinar Villamanrique Sur,3,1,Halimium_halimifolium,3-1 Halimium_halimifolium,April,21,4,0.19047619047619047,44,0,0,2021,10,0.9997871159073064,1,2,29,10,NA,1
Pinar Villamanrique Sur,3,1,Halimium_halimifolium,3-1 Halimium_halimifolium,May,43,1,0.023255813953488372,NA,NA,NA,2021,38,0.9997782457956361,NA,1,119,NA,NA,NA
Pinar Villamanrique Sur,3,1,Halimium_halimifolium,3-1 Halimium_halimifolium,May,43,1,0.023255813953488372,NA,NA,NA,2021,39,0.9997782457956361,NA,1,119,NA,NA,NA
Pinar Villamanrique Sur,3,1,Halimium_halimifolium,3-1 Halimium_halimifolium,May,43,1,0.023255813953488372,NA,NA,NA,2021,14,0.9997782457956361,NA,1,119,NA,NA,NA
Pinar Villamanrique Sur,3,1,Halimium_halimifolium,3-1 Halimium_halimifolium,May,43,1,0.023255813953488372,NA,NA,NA,2021,25,0.9997782457956361,NA,1,119,NA,NA,NA
Pinar Villamanrique Sur,3,1,Halimium_halimifolium,3-1 Halimium_halimifolium,May,43,1,0.023255813953488372,NA,NA,NA,2021,3,0.9997782457956361,NA,1,119,NA,NA,NA
Pinar Villamanrique Sur,3,4,Cistus_salviifolius,3-4 Cistus_salviifolius,April,5,5,1,NA,NA,NA,2021,32,0.9999859981961007,NA,1,42,NA,NA,NA
Pinar Villamanrique Sur,3,4,Cistus_salviifolius,3-4 Cistus_salviifolius,April,5,5,1,NA,NA,NA,2021,10,0.9999859981961007,NA,1,42,NA,NA,NA
Pinar Villamanrique Sur,3,5,Cistus_crispus,3-5 Cistus_crispus,May,1,0,0,12,20,0,2021,3,0.7111115000649362,1,1,7,2,NA,2
Pinar Villamanrique Sur,3,5,Cistus_crispus,3-5 Cistus_crispus,May,1,0,0,12,20,0,2021,1,0.7111115000649362,1,1,7,2,NA,2
Pinar Villamanrique Sur,3,6,Cistus_crispus,3-6 Cistus_crispus,May,10,8,0.8,9,18,0,2021,6,0.7718966180304088,1,1,15,3,NA,1
Pinar Villamanrique Sur,3,6,Cistus_crispus,3-6 Cistus_crispus,May,10,8,0.8,9,18,0,2021,9,0.7718966180304088,1,1,15,3,NA,1
Pinar Villamanrique Sur,3,7,Cistus_salviifolius,3-7 Cistus_salviifolius,March,9,8,0.8888888888888888,24,16,0,2021,3,0.9999794424717044,2,1,26,6,NA,2
Pinar Villamanrique Sur,3,7,Cistus_salviifolius,3-7 Cistus_salviifolius,March,9,8,0.8888888888888888,24,16,0,2021,23,0.9999794424717044,2,1,26,6,NA,2
Pinar Villamanrique Sur,3,9,Cistus_salviifolius,3-9 Cistus_salviifolius,March,5,5,1,74,23,0,2021,6,0.9781484241076369,3,1,6,13,NA,4
Pinar Villamanrique Sur,3,10,Cistus_salviifolius,3-10 Cistus_salviifolius,March,10,10,1,127,15,5,2021,9,0.999982540333495,3,1,34,29,1,3
Pinar Villamanrique Sur,3,10,Cistus_salviifolius,3-10 Cistus_salviifolius,March,10,10,1,127,15,5,2021,11,0.999982540333495,3,1,34,29,1,3
Pinar Villamanrique Sur,3,10,Cistus_salviifolius,3-10 Cistus_salviifolius,March,10,10,1,127,15,5,2021,14,0.999982540333495,3,1,34,29,1,3
Pinar Villamanrique Sur,3,10,Cistus_salviifolius,3-10 Cistus_salviifolius,April,5,5,1,33,17,0,2021,59,0.9999910104529701,2,1,62,8,NA,3
Pinar Villamanrique Sur,3,10,Cistus_salviifolius,3-10 Cistus_salviifolius,April,5,5,1,33,17,0,2021,3,0.9999910104529701,2,1,62,8,NA,3
Pinar Villamanrique Sur,4,3,Cistus_salviifolius,4-3 Cistus_salviifolius,March,5,5,1,NA,NA,NA,2021,6,0.9999241807239597,NA,1,6,NA,NA,NA
Pinar Villamanrique Sur,4,6,Cistus_crispus,4-6 Cistus_crispus,May,1,0,0,30,41,0,2021,1,0.56116258186938,2,1,13,8,NA,4
Pinar Villamanrique Sur,4,6,Cistus_crispus,4-6 Cistus_crispus,May,1,0,0,30,41,0,2021,2,0.56116258186938,2,1,13,8,NA,4
Pinar Villamanrique Sur,4,6,Cistus_crispus,4-6 Cistus_crispus,May,1,0,0,30,41,0,2021,3,0.56116258186938,2,1,13,8,NA,4
Pinar Villamanrique Sur,4,9,Cistus_salviifolius,4-9 Cistus_salviifolius,March,5,5,1,119,38,5,2021,7,0.9636904944608595,5,2,19,21,NA,5
Pinar Villamanrique Sur,4,9,Cistus_salviifolius,4-9 Cistus_salviifolius,March,5,5,1,119,38,5,2021,11,0.9636904944608595,5,2,19,21,NA,5
Pinar Villamanrique Sur,4,9,Cistus_salviifolius,4-9 Cistus_salviifolius,April,10,9,0.9,37,24,0,2021,35,0.9999523815303313,2,1,45,13,NA,4
Pinar Villamanrique Sur,4,9,Cistus_salviifolius,4-9 Cistus_salviifolius,April,10,9,0.9,37,24,0,2021,10,0.9999523815303313,2,1,45,13,NA,4
Pinar Villamanrique Sur,5,1,Cistus_salviifolius,5-1 Cistus_salviifolius,April,5,5,1,51,7,0,2021,48,0.9935184768387818,3,2,79,13,NA,3
Pinar Villamanrique Sur,5,1,Cistus_salviifolius,5-1 Cistus_salviifolius,April,5,5,1,51,7,0,2021,12,0.9935184768387818,3,2,79,13,NA,3
Pinar Villamanrique Sur,5,2,Cistus_salviifolius,5-2 Cistus_salviifolius,March,5,5,1,4,12,0,2021,4,0.9999831484438624,1,2,18,1,NA,1
Pinar Villamanrique Sur,5,2,Cistus_salviifolius,5-2 Cistus_salviifolius,March,5,5,1,4,12,0,2021,12,0.9999831484438624,1,2,18,1,NA,1
Pinar Villamanrique Sur,5,4,Cistus_crispus,5-4 Cistus_crispus,April,5,5,1,24,28,0,2021,23,0.9999821182565426,2,1,23,6,NA,2
Pinar Villamanrique Sur,5,4,Cistus_crispus,5-4 Cistus_crispus,May,21,12,0.5714285714285714,247,139,0,2021,97,0.9999605770303328,6,1,133,69,NA,12
Pinar Villamanrique Sur,5,4,Cistus_crispus,5-4 Cistus_crispus,May,21,12,0.5714285714285714,247,139,0,2021,34,0.9999605770303328,6,1,133,69,NA,12
Pinar Villamanrique Sur,5,4,Cistus_crispus,5-4 Cistus_crispus,May,21,12,0.5714285714285714,247,139,0,2021,2,0.9999605770303328,6,1,133,69,NA,12
Pinar Villamanrique Sur,5,8,Cistus_salviifolius,5-8 Cistus_salviifolius,March,2,2,1,NA,NA,NA,2021,2,0.9827592699857788,NA,1,22,NA,NA,NA
Pinar Villamanrique Sur,5,8,Cistus_salviifolius,5-8 Cistus_salviifolius,March,2,2,1,NA,NA,NA,2021,10,0.9827592699857788,NA,1,22,NA,NA,NA
Pinar Villamanrique Sur,5,8,Cistus_salviifolius,5-8 Cistus_salviifolius,April,10,8,0.8,4,6,0,2021,13,0.9789578262034309,1,1,27,1,NA,1
Pinar Villamanrique Sur,5,8,Cistus_salviifolius,5-8 Cistus_salviifolius,April,10,8,0.8,4,6,0,2021,5,0.9789578262034309,1,1,27,1,NA,1
Pinar Villamanrique Sur,5,8,Cistus_salviifolius,5-8 Cistus_salviifolius,April,10,8,0.8,4,6,0,2021,3,0.9789578262034309,1,1,27,1,NA,1
Pinar Villamanrique Sur,5,8,Cistus_salviifolius,5-8 Cistus_salviifolius,April,10,8,0.8,4,6,0,2021,6,0.9789578262034309,1,1,27,1,NA,1
Pinar Villamanrique Sur,6,3,Cistus_salviifolius,6-3 Cistus_salviifolius,March,5,5,1,12,12,0,2021,8,0.9999582318912087,1,2,10,3,NA,1
Pinar Villamanrique Sur,6,3,Cistus_salviifolius,6-3 Cistus_salviifolius,March,5,5,1,12,12,0,2021,1,0.9999582318912087,1,2,10,3,NA,1
Pinar Villamanrique Sur,6,3,Cistus_salviifolius,6-3 Cistus_salviifolius,April,5,5,1,190,35,0,2021,26,0.9620556454908917,1,1,37,36,NA,3
Pinar Villamanrique Sur,6,3,Cistus_salviifolius,6-3 Cistus_salviifolius,April,5,5,1,190,35,0,2021,5,0.9620556454908917,1,1,37,36,NA,3
Pinar Villamanrique Sur,6,3,Cistus_salviifolius,6-3 Cistus_salviifolius,April,5,5,1,190,35,0,2021,3,0.9620556454908917,1,1,37,36,NA,3
Pinar Villamanrique Sur,6,6,Cistus_crispus,6-6 Cistus_crispus,April,5,4,0.8,36,32,0,2021,6,0.8142419502102329,3,1,6,9,NA,3
Pinar Villamanrique Sur,6,6,Cistus_crispus,6-6 Cistus_crispus,May,17,8,0.47058823529411764,412,123,0,2021,68,0.9860674203785144,6,1,97,122,NA,12
Pinar Villamanrique Sur,6,6,Cistus_crispus,6-6 Cistus_crispus,May,17,8,0.47058823529411764,412,123,0,2021,27,0.9860674203785144,6,1,97,122,NA,12
Pinar Villamanrique Sur,6,6,Cistus_crispus,6-6 Cistus_crispus,May,17,8,0.47058823529411764,412,123,0,2021,2,0.9860674203785144,6,1,97,122,NA,12
Pinar Villamanrique Sur,7,9,Cistus_crispus,7-9 Cistus_crispus,April,2,2,1,NA,NA,NA,2021,2,0.973169126294139,NA,2,43,NA,NA,NA
Pinar Villamanrique Sur,7,9,Cistus_salviifolius,7-9 Cistus_salviifolius,March,5,4,0.8,35,20,0,2021,7,0.9999883661647547,2,1,53,7,NA,2
Pinar Villamanrique Sur,7,9,Cistus_salviifolius,7-9 Cistus_salviifolius,March,5,4,0.8,35,20,0,2021,46,0.9999883661647547,2,1,53,7,NA,2
Pinar Villamanrique Sur,7,9,Cistus_salviifolius,7-9 Cistus_salviifolius,April,5,4,0.8,NA,NA,NA,2021,41,0.9746810883541438,NA,2,43,NA,NA,NA
Pinar Villamanrique Sur,7,10,Cistus_crispus,7-10 Cistus_crispus,April,5,4,0.8,NA,NA,NA,2021,5,0.752478984175737,NA,1,5,NA,NA,NA
Pinar Villamanrique Sur,8,2,Cistus_salviifolius,8-2 Cistus_salviifolius,April,20,19,0.95,265,85,0,2021,50,0.9999865263268233,3,1,91,63,NA,9
Pinar Villamanrique Sur,8,2,Cistus_salviifolius,8-2 Cistus_salviifolius,April,20,19,0.95,265,85,0,2021,26,0.9999865263268233,3,1,91,63,NA,9
Pinar Villamanrique Sur,8,2,Cistus_salviifolius,8-2 Cistus_salviifolius,April,20,19,0.95,265,85,0,2021,15,0.9999865263268233,3,1,91,63,NA,9
Pinar Villamanrique Sur,8,3,Cistus_salviifolius,8-3 Cistus_salviifolius,March,5,5,1,124,40,0,2021,14,0.9999941734443714,2,1,14,30,NA,4
Pinar Villamanrique Sur,8,3,Cistus_salviifolius,8-3 Cistus_salviifolius,April,5,5,1,89,46,0,2021,7,0.9367455158994563,3,1,9,18,NA,4
Pinar Villamanrique Sur,8,3,Cistus_salviifolius,8-3 Cistus_salviifolius,April,5,5,1,89,46,0,2021,2,0.9367455158994563,3,1,9,18,NA,4
Pinar Villamanrique Sur,8,5,Cistus_salviifolius,8-5 Cistus_salviifolius,April,5,5,1,2,6,0,2021,16,0.9367053353181565,1,1,18,NA,NA,NA
Pinar Villamanrique Sur,8,5,Cistus_salviifolius,8-5 Cistus_salviifolius,April,5,5,1,2,6,0,2021,2,0.9367053353181565,1,1,18,NA,NA,NA
Pinar Villamanrique Sur,8,8,Cistus_crispus,8-8 Cistus_crispus,April,17,16,0.9411764705882353,216,100,0,2021,2,0.9999112982980809,6,1,55,52,NA,10
Pinar Villamanrique Sur,8,8,Cistus_crispus,8-8 Cistus_crispus,April,17,16,0.9411764705882353,216,100,0,2021,9,0.9999112982980809,6,1,55,52,NA,10
Pinar Villamanrique Sur,8,8,Cistus_crispus,8-8 Cistus_crispus,April,17,16,0.9411764705882353,216,100,0,2021,1,0.9999112982980809,6,1,55,52,NA,10
Pinar Villamanrique Sur,8,8,Cistus_crispus,8-8 Cistus_crispus,April,17,16,0.9411764705882353,216,100,0,2021,10,0.9999112982980809,6,1,55,52,NA,10
Pinar Villamanrique Sur,8,8,Cistus_crispus,8-8 Cistus_crispus,April,17,16,0.9411764705882353,216,100,0,2021,33,0.9999112982980809,6,1,55,52,NA,10
Pinar Villamanrique Sur,8,8,Cistus_crispus,8-8 Cistus_crispus,May,13,9,0.6923076923076923,15,36,0,2021,10,0.9987691299813695,2,1,77,5,NA,2
Pinar Villamanrique Sur,8,8,Cistus_crispus,8-8 Cistus_crispus,May,13,9,0.6923076923076923,15,36,0,2021,12,0.9987691299813695,2,1,77,5,NA,2
Pinar Villamanrique Sur,8,8,Cistus_crispus,8-8 Cistus_crispus,May,13,9,0.6923076923076923,15,36,0,2021,18,0.9987691299813695,2,1,77,5,NA,2
Pinar Villamanrique Sur,8,8,Cistus_crispus,8-8 Cistus_crispus,May,13,9,0.6923076923076923,15,36,0,2021,34,0.9987691299813695,2,1,77,5,NA,2
Pinar Villamanrique Sur,8,8,Cistus_crispus,8-8 Cistus_crispus,May,13,9,0.6923076923076923,15,36,0,2021,2,0.9987691299813695,2,1,77,5,NA,2
Pinar Villamanrique Sur,8,8,Cistus_crispus,8-8 Cistus_crispus,May,13,9,0.6923076923076923,15,36,0,2021,1,0.9987691299813695,2,1,77,5,NA,2
Pinar Villamanrique Sur,8,9,Cistus_crispus,8-9 Cistus_crispus,April,5,4,0.8,136,76,0,2021,11,0.750180504252886,3,1,11,32,NA,5
Pinar Villamanrique Sur,8,9,Cistus_crispus,8-9 Cistus_crispus,May,5,4,0.8,57,21,0,2021,24,0.5553532918534958,2,1,24,17,NA,3
Pinar Villamanrique Sur,8,10,Cistus_crispus,8-10 Cistus_crispus,April,10,8,0.8,20,20,0,2021,6,0.7528956354792573,1,1,12,5,NA,1
Pinar Villamanrique Sur,8,10,Cistus_crispus,8-10 Cistus_crispus,May,10,4,0.4,15,6,0,2021,14,0.7730412466880621,1,1,39,5,NA,1
Pinar Villamanrique Sur,8,10,Cistus_crispus,8-10 Cistus_crispus,May,10,4,0.4,15,6,0,2021,25,0.7730412466880621,1,1,39,5,NA,1
Pinar Villamanrique Sur,9,2,Cistus_crispus,9-2 Cistus_crispus,May,7,6,0.8571428571428571,NA,NA,NA,2021,2,0.7186247011350743,NA,1,2,NA,NA,NA
Pinar Villamanrique Sur,9,2,Cistus_salviifolius,9-2 Cistus_salviifolius,April,10,9,0.9,171,88,0,2021,22,0.9570291466887688,3,2,31,35,NA,8
Pinar Villamanrique Sur,9,2,Cistus_salviifolius,9-2 Cistus_salviifolius,April,10,9,0.9,171,88,0,2021,6,0.9570291466887688,3,2,31,35,NA,8
Pinar Villamanrique Sur,9,7,Cistus_crispus,9-7 Cistus_crispus,April,6,6,1,12,20,0,2021,1,0.9974151017986281,1,2,49,3,NA,1
Pinar Villamanrique Sur,9,7,Cistus_crispus,9-7 Cistus_crispus,April,6,6,1,12,20,0,2021,12,0.9974151017986281,1,2,49,3,NA,1
Pinar Villamanrique Sur,9,7,Cistus_crispus,9-7 Cistus_crispus,May,7,7,1,30,9,0,2021,30,0.5572934222871868,1,1,32,10,NA,1
Pinar Villamanrique Sur,9,7,Cistus_crispus,9-7 Cistus_crispus,May,7,7,1,30,9,0,2021,2,0.5572934222871868,1,1,32,10,NA,1
Pinar Villamanrique Sur,9,7,Cistus_salviifolius,9-7 Cistus_salviifolius,March,5,4,0.8,16,24,0,2021,6,0.9905874304068343,1,1,14,4,NA,2
Pinar Villamanrique Sur,9,7,Cistus_salviifolius,9-7 Cistus_salviifolius,March,5,4,0.8,16,24,0,2021,8,0.9905874304068343,1,1,14,4,NA,2
Pinar Villamanrique Sur,9,7,Cistus_salviifolius,9-7 Cistus_salviifolius,April,15,11,0.7333333333333333,25,0,0,2021,27,0.9741310455429726,1,2,49,4,NA,1
Pinar Villamanrique Sur,9,7,Cistus_salviifolius,9-7 Cistus_salviifolius,April,15,11,0.7333333333333333,25,0,0,2021,6,0.9741310455429726,1,2,49,4,NA,1
Pinar Villamanrique Sur,9,7,Cistus_salviifolius,9-7 Cistus_salviifolius,April,15,11,0.7333333333333333,25,0,0,2021,3,0.9741310455429726,1,2,49,4,NA,1
Pinar Villamanrique Sur,9,8,Cistus_salviifolius,9-8 Cistus_salviifolius,March,5,5,1,12,24,0,2021,7,0.9999875636137168,1,1,40,3,NA,2
Pinar Villamanrique Sur,9,8,Cistus_salviifolius,9-8 Cistus_salviifolius,March,5,5,1,12,24,0,2021,33,0.9999875636137168,1,1,40,3,NA,2
Pinar Villamanrique Sur,9,8,Cistus_salviifolius,9-8 Cistus_salviifolius,April,10,9,0.9,45,0,0,2021,87,0.9999910175512137,1,2,110,8,NA,1
Pinar Villamanrique Sur,9,8,Cistus_salviifolius,9-8 Cistus_salviifolius,April,10,9,0.9,45,0,0,2021,16,0.9999910175512137,1,2,110,8,NA,1
Pinar Villamanrique Sur,9,10,Cistus_salviifolius,9-10 Cistus_salviifolius,March,5,5,1,36,0,0,2021,6,0.9999825440462018,1,1,50,8,NA,1
Pinar Villamanrique Sur,9,10,Cistus_salviifolius,9-10 Cistus_salviifolius,March,5,5,1,36,0,0,2021,10,0.9999825440462018,1,1,50,8,NA,1
Pinar Villamanrique Sur,9,10,Cistus_salviifolius,9-10 Cistus_salviifolius,March,5,5,1,36,0,0,2021,34,0.9999825440462018,1,1,50,8,NA,1
Pinar Villamanrique Sur,9,10,Cistus_salviifolius,9-10 Cistus_salviifolius,April,3,3,1,NA,NA,NA,2021,6,0.9745641508716375,NA,1,9,NA,NA,NA
Pinar Villamanrique Sur,9,10,Cistus_salviifolius,9-10 Cistus_salviifolius,April,3,3,1,NA,NA,NA,2021,3,0.9745641508716375,NA,1,9,NA,NA,NA
Pinar Villamanrique Sur,10,8,Cistus_crispus,10-8 Cistus_crispus,May,3,0,0,NA,NA,NA,2021,3,0.542047743207284,NA,1,6,NA,NA,NA
