Bosque,Polinizador,Subplot_Plant_Label,Visits_tot,homo_motif,hete_motif,Week,Year
1,Bombus_terrestris,0-19 Helleborus_viridis,4,0,7,1,2021
1,Apis_mellifera,11-11 Helleborus_viridis,1,0,7,1,2021
1,Bombus_terrestris,16-14 Helleborus_viridis,1,0,7,1,2021
1,Bombus_terrestris,17-18 Helleborus_viridis,2,0,7,1,2021
1,Bombus_terrestris,18-23 Helleborus_viridis,2,0,7,1,2021
1,Apis_mellifera,18-6 Helleborus_viridis,3,0,7,1,2021
1,Apis_mellifera,19-8 Helleborus_viridis,1,0,7,1,2021
1,Apis_mellifera,20-1 Helleborus_viridis,1,0,7,1,2021
1,Apis_mellifera,20-14 Helleborus_viridis,4,0,7,1,2021
1,Apis_mellifera,20-2 Helleborus_viridis,1,0,7,1,2021
1,Eristalis_sp,20-6 Taraxacum_sp,1,0,7,1,2021
1,Apis_mellifera,21-1 Helleborus_viridis,1,0,7,1,2021
1,Eristalis_sp,21-6 Taraxacum_sp,2,0,7,1,2021
1,Eristalis_sp,22-1 Taraxacum_sp,2,0,7,1,2021
1,Apis_mellifera,22-22 Helleborus_viridis,2,0,7,1,2021
1,Eristalis_sp,22-6 Taraxacum_sp,1,0,7,1,2021
1,Bombus_terrestris,24-22 Helleborus_viridis,1,0,7,1,2021
1,Eristalis_sp,24-7 Taraxacum_sp,1,0,7,1,2021
1,Eristalis_sp,6-1 Taraxacum_sp,2,0,7,1,2021
1,Bombus_terrestris,6-3 Helleborus_viridis,1,0,7,1,2021
1,Eristalis_sp,6-6 Taraxacum_sp,1,0,7,1,2021
1,Eristalis_sp,7-7 Taraxacum_sp,1,0,7,1,2021
1,Bombus_terrestris,8-6 Helleborus_viridis,1,0,7,1,2021
1,Bombus_terrestris,9-3 Helleborus_viridis,3,0,7,1,2021
2,Andrena_cineraria,15-15 Potentilla_montana,1,0,1,1,2021
2,Andrena_cineraria,16-15 Potentilla_montana,2,0,1,1,2021
2,Bombus_terrestris,17-19 Helleborus_viridis,1,0,2,1,2021
2,Apis_mellifera,19-18 Helleborus_viridis,1,0,4,1,2021
2,Bombus_terrestris,19-18 Helleborus_viridis,1,0,2,1,2021
2,Apis_mellifera,23-2 Helleborus_viridis,5,0,4,1,2021
2,Bombus_terrestris,23-2 Helleborus_viridis,2,0,2,1,2021
2,Apis_mellifera,23-21 Helleborus_viridis,3,1,3,1,2021
2,Apis_mellifera,23-21 Ranunculus_repens,1,1,3,1,2021
2,Apis_mellifera,24-9 Helleborus_viridis,2,0,4,1,2021
3,Bombus_pascuorum,0-14 Lathyrus_linifolius,1,0,19,1,2021
3,Bombus_pascuorum,0-17 Lathyrus_linifolius,2,0,19,1,2021
3,Bombus_pascuorum,1-13 Lathyrus_linifolius,1,0,19,1,2021
3,Bombus_pascuorum,1-16 Lathyrus_linifolius,1,0,19,1,2021
3,Bombus_lapidarius,10-13 Lathyrus_linifolius,1,0,11,1,2021
3,Andrena_nitida,11-3 Scilla_verna,5,0,3,1,2021
3,Bombus_lapidarius,12-12 Lathyrus_linifolius,2,0,11,1,2021
3,Bombus_lapidarius,12-16 Lathyrus_linifolius,1,0,11,1,2021
3,Bombus_lapidarius,13-22 Lathyrus_linifolius,2,0,11,1,2021
3,Bombus_lapidarius,14-23 Lathyrus_linifolius,3,0,11,1,2021
3,Bombus_lapidarius,14-24 Lathyrus_linifolius,1,0,11,1,2021
3,Bombus_lapidarius,15-24 Lathyrus_linifolius,1,0,11,1,2021
3,Andrena_nitida,16-1 Scilla_verna,1,0,3,1,2021
3,Bombus_lapidarius,16-12 Lathyrus_linifolius,1,0,11,1,2021
3,Andrena_nitida,16-2 Scilla_verna,2,0,3,1,2021
3,Andrena_nitida,17-17 Potentilla_montana,1,0,3,1,2021
3,Bombus_pascuorum,2-15 Lathyrus_linifolius,1,0,19,1,2021
3,Bombus_pascuorum,2-17 Lathyrus_linifolius,1,0,19,1,2021
3,Bombus_pascuorum,2-2 Lathyrus_linifolius,3,0,19,1,2021
3,Bombus_pascuorum,2-22 Lathyrus_linifolius,1,0,19,1,2021
3,Bombus_pascuorum,2-24 Lathyrus_linifolius,1,0,19,1,2021
3,Bombus_lapidarius,20-17 Lathyrus_linifolius,1,0,11,1,2021
3,Bombus_lapidarius,21-2 Lathyrus_linifolius,1,0,11,1,2021
3,Bombus_lapidarius,22-2 Lathyrus_linifolius,1,0,11,1,2021
3,Bombus_pascuorum,22-2 Lathyrus_linifolius,2,0,19,1,2021
3,Bombus_lapidarius,22-21 Lathyrus_linifolius,1,0,11,1,2021
3,Bombus_pascuorum,3-15 Lathyrus_linifolius,1,0,19,1,2021
3,Bombus_pascuorum,3-18 Lathyrus_linifolius,1,0,19,1,2021
3,Bombus_pascuorum,3-19 Lathyrus_linifolius,2,0,19,1,2021
3,Bombus_pascuorum,4-4 Helleborus_viridis,3,0,19,1,2021
3,Bombus_pascuorum,5-1 Lathyrus_linifolius,1,0,19,1,2021
3,Bombus_pascuorum,6-11 Lathyrus_linifolius,1,0,19,1,2021
3,Bombus_pascuorum,6-8 Lathyrus_linifolius,1,0,19,1,2021
3,Bombus_pascuorum,6-9 Lathyrus_linifolius,2,0,19,1,2021
3,Bombus_pascuorum,8-2 Lathyrus_linifolius,1,0,19,1,2021
3,Bombus_pascuorum,9-22 Lathyrus_linifolius,1,0,19,1,2021
2,Eristalis_sp,11-12 Taraxacum_sp,1,0,20,2,2021
2,Eristalis_sp,11-6 Bellis_perennis,1,0,20,2,2021
2,Eristalis_similis,12-11 Taraxacum_sp,1,0,1,2,2021
2,Eristalis_sp,12-13 Bellis_perennis,1,0,20,2,2021
2,Eupeodes_corollae,12-13 Bellis_perennis,1,0,5,2,2021
2,Eristalis_sp,12-6 Bellis_perennis,1,0,20,2,2021
2,Eupeodes_corollae,13-15 Bellis_perennis,1,0,5,2,2021
2,Eristalis_sp,13-7 Taraxacum_sp,1,0,20,2,2021
2,Bombus_sp,14-13 Bellis_perennis,2,0,0,2,2021
2,Eupeodes_corollae,14-15 Bellis_perennis,1,0,5,2,2021
2,Eristalis_sp,15-4 Taraxacum_sp,1,0,20,2,2021
2,Eristalis_similis,15-9 Taraxacum_sp,1,0,1,2,2021
2,Eristalis_sp,16-6 Taraxacum_sp,1,0,20,2,2021
2,Eristalis_sp,17-6 Bellis_perennis,1,0,20,2,2021
2,Eristalis_sp,2-7 Taraxacum_sp,1,0,20,2,2021
2,Eristalis_sp,2-8 Taraxacum_sp,1,0,20,2,2021
2,Eupeodes_corollae,22-12 Bellis_perennis,1,0,5,2,2021
2,Eupeodes_corollae,22-14 Bellis_perennis,1,0,5,2,2021
2,Eupeodes_corollae,23-12 Bellis_perennis,1,0,5,2,2021
2,Eristalis_sp,3-6 Taraxacum_sp,1,0,20,2,2021
2,Eristalis_sp,4-7 Ranunculus_ficaria,1,0,20,2,2021
2,Eristalis_sp,5-7 Taraxacum_sp,1,0,20,2,2021
2,Eristalis_sp,6-7 Taraxacum_sp,1,0,20,2,2021
2,Eristalis_sp,7-8 Ranunculus_repens,2,1,19,2,2021
2,Eristalis_sp,7-8 Taraxacum_sp,1,1,19,2,2021
2,Eristalis_sp,8-11 Taraxacum_sp,1,0,20,2,2021
2,Eristalis_sp,8-2 Ranunculus_ficaria,2,0,20,2,2021
2,Eristalis_sp,8-7 Bellis_perennis,1,0,20,2,2021
2,Eristalis_sp,9-11 Taraxacum_sp,2,0,20,2,2021
2,Eristalis_sp,9-9 Taraxacum_sp,1,0,20,2,2021
3,Bombus_pascuorum,0-7 Lathyrus_linifolius,1,0,2,2,2021
3,Bombus_pascuorum,0-9 Lathyrus_linifolius,1,0,2,2,2021
3,Bombus_pascuorum,1-8 Lathyrus_linifolius,1,0,2,2,2021
3,Bombus_lapidarius,13-16 Lathyrus_linifolius,1,0,2,2,2021
3,Bombus_lapidarius,16-2 Lathyrus_linifolius,1,0,2,2,2021
3,Eristalis_tenax,16-2 Scilla_verna,8,0,2,2,2021
3,Bombus_lapidarius,16-24 Lathyrus_linifolius,1,0,2,2,2021
3,Andrena_cf_morio,17-1 Potentilla_erecta,1,0,1,2,2021
3,Eristalis_tenax,17-2 Scilla_verna,1,0,2,2,2021
3,Eristalis_tenax,19-19 Scilla_verna,1,0,2,2,2021
3,Andrena_cf_morio,21-4 Potentilla_erecta,1,0,1,2,2021
5,Empis_sp,20-14 Scilla_verna,2,0,0,2,2021
1,Bombus_lapidarius,1-14 Primula_veris,2,0,11,3,2021
1,Bombus_lapidarius,1-7 Viola_riviniana,2,0,11,3,2021
1,Apis_mellifera,10-1 Taraxacum_sp,1,0,42,3,2021
1,Lasioglossum_immunitum,10-5 Taraxacum_sp,1,0,7,3,2021
1,Apis_mellifera,10-9 Taraxacum_sp,2,0,42,3,2021
1,Apis_mellifera,11-12 Helleborus_viridis,2,0,42,3,2021
1,Apis_mellifera,11-8 Taraxacum_sp,1,0,42,3,2021
1,Andrena_nitida,12-1 Taraxacum_sp,2,0,3,3,2021
1,Bombus_pascuorum,12-19 Helleborus_viridis,2,0,12,3,2021
1,Apis_mellifera,13-1 Taraxacum_sp,1,0,42,3,2021
1,Apis_mellifera,13-19 Helleborus_viridis,1,0,42,3,2021
1,Bombus_pascuorum,13-19 Helleborus_viridis,1,0,12,3,2021
1,Apis_mellifera,14-12 Taraxacum_sp,2,0,42,3,2021
1,Eupeodes_corollae,14-12 Taraxacum_sp,2,0,1,3,2021
1,Lasioglossum_immunitum,14-14 Taraxacum_sp,3,0,7,3,2021
1,Bombus_lapidarius,14-14 Viola_riviniana,1,0,11,3,2021
1,Lasioglossum_tricinctum,14-6 Primula_veris,3,0,0,3,2021
1,Lasioglossum_immunitum,14-6 Taraxacum_sp,1,0,7,3,2021
1,Eupeodes_corollae,15-12 Taraxacum_sp,1,0,1,3,2021
1,Apis_mellifera,15-15 Taraxacum_sp,3,0,42,3,2021
1,Apis_mellifera,16-13 Taraxacum_sp,1,0,42,3,2021
1,Apis_mellifera,16-14 Taraxacum_sp,1,0,42,3,2021
1,Apis_mellifera,17-2 Taraxacum_sp,1,0,42,3,2021
1,Bombus_pascuorum,17-7 Helleborus_viridis,1,0,12,3,2021
1,Lasioglossum_immunitum,17-7 Taraxacum_sp,1,0,7,3,2021
1,Apis_mellifera,18-16 Taraxacum_sp,1,0,42,3,2021
1,Apis_mellifera,18-23 Helleborus_viridis,1,0,42,3,2021
1,Apis_mellifera,18-5 Taraxacum_sp,2,0,42,3,2021
1,Apis_mellifera,18-6 Helleborus_viridis,3,0,42,3,2021
1,Apis_mellifera,18-7 Taraxacum_sp,2,0,42,3,2021
1,Bombus_pascuorum,18-9 Helleborus_viridis,1,0,12,3,2021
1,Apis_mellifera,18-9 Taraxacum_sp,5,0,42,3,2021
1,Apis_mellifera,19-1 Helleborus_viridis,2,0,42,3,2021
1,Apis_mellifera,19-15 Helleborus_viridis,1,0,42,3,2021
1,Apis_mellifera,19-16 Taraxacum_sp,1,0,42,3,2021
1,Apis_mellifera,19-22 Helleborus_viridis,1,0,42,3,2021
1,Apis_mellifera,19-23 Helleborus_viridis,1,0,42,3,2021
1,Eristalis_sp,19-5 Taraxacum_sp,1,0,1,3,2021
1,Apis_mellifera,19-8 Helleborus_viridis,3,0,42,3,2021
1,Apis_mellifera,19-9 Helleborus_viridis,1,1,41,3,2021
1,Apis_mellifera,19-9 Taraxacum_sp,2,1,41,3,2021
1,Bombus_pascuorum,2-1 Viola_riviniana,3,0,12,3,2021
1,Bombus_pascuorum,2-2 Taraxacum_sp,1,0,12,3,2021
1,Bombus_lapidarius,2-6 Viola_riviniana,1,0,11,3,2021
1,Bombus_lapidarius,2-7 Viola_riviniana,1,0,11,3,2021
1,Bombus_lapidarius,2-8 Viola_riviniana,2,0,11,3,2021
1,Apis_mellifera,20-1 Helleborus_viridis,2,0,42,3,2021
1,Apis_mellifera,20-14 Helleborus_viridis,2,0,42,3,2021
1,Apis_mellifera,20-16 Taraxacum_sp,1,0,42,3,2021
1,Lasioglossum_immunitum,20-3 Taraxacum_sp,2,0,7,3,2021
1,Lasioglossum_immunitum,20-4 Taraxacum_sp,2,0,7,3,2021
1,Eristalis_sp,20-5 Taraxacum_sp,1,0,1,3,2021
1,Apis_mellifera,20-7 Taraxacum_sp,3,0,42,3,2021
1,Apis_mellifera,20-9 Taraxacum_sp,2,0,42,3,2021
1,Apis_mellifera,21-17 Taraxacum_sp,1,0,42,3,2021
1,Apis_mellifera,21-8 Taraxacum_sp,1,0,42,3,2021
1,Apis_mellifera,21-9 Taraxacum_sp,1,0,42,3,2021
1,Andrena_nitida,22-1 Taraxacum_sp,3,0,3,3,2021
1,Apis_mellifera,22-11 Helleborus_viridis,4,0,42,3,2021
1,Apis_mellifera,22-15 Taraxacum_sp,1,0,42,3,2021
1,Apis_mellifera,22-16 Taraxacum_sp,2,0,42,3,2021
1,Apis_mellifera,22-19 Helleborus_viridis,1,0,42,3,2021
1,Apis_mellifera,22-8 Taraxacum_sp,1,0,42,3,2021
1,Andrena_nitida,23-1 Taraxacum_sp,1,0,3,3,2021
1,Apis_mellifera,23-22 Helleborus_viridis,1,0,42,3,2021
1,Andrena_nitida,23-23 Taraxacum_sp,1,0,3,3,2021
1,Bombus_pascuorum,3-1 Viola_riviniana,10,0,12,3,2021
1,Bombus_pascuorum,3-2 Viola_riviniana,1,0,12,3,2021
1,Apis_mellifera,3-7 Taraxacum_sp,1,0,42,3,2021
1,Bombus_pascuorum,4-2 Viola_riviniana,1,0,12,3,2021
1,Apis_mellifera,4-8 Taraxacum_sp,1,0,42,3,2021
1,Bombus_lapidarius,4-9 Viola_riviniana,1,0,11,3,2021
1,Bombus_pascuorum,5-2 Helleborus_viridis,3,1,11,3,2021
1,Bombus_pascuorum,5-2 Viola_riviniana,1,1,11,3,2021
1,Bombus_lapidarius,5-7 Viola_riviniana,1,0,11,3,2021
1,Apis_mellifera,5-8 Taraxacum_sp,1,0,42,3,2021
1,Bombus_pascuorum,6-3 Helleborus_viridis,4,0,12,3,2021
1,Bombus_lapidarius,7-1 Viola_riviniana,3,0,11,3,2021
1,Bombus_pascuorum,7-3 Viola_riviniana,1,0,12,3,2021
1,Bombus_lapidarius,8-19 Helleborus_viridis,1,0,11,3,2021
1,Lasioglossum_immunitum,8-4 Taraxacum_sp,2,0,7,3,2021
1,Bombus_lapidarius,9-4 Potentilla_sterilis,2,1,10,3,2021
1,Bombus_lapidarius,9-4 Viola_riviniana,2,1,10,3,2021
1,Lasioglossum_immunitum,9-5 Taraxacum_sp,1,0,7,3,2021
1,Apis_mellifera,9-6 Taraxacum_sp,2,0,42,3,2021
2,Andrena_cf_morio,0-1 Potentilla_sterilis,1,0,21,3,2021
2,Andrena_cf_morio,0-13 Potentilla_sterilis,2,1,20,3,2021
2,Andrena_cf_morio,0-13 Taraxacum_sp,1,1,20,3,2021
2,Andrena_cf_morio,0-15 Potentilla_sterilis,1,0,21,3,2021
2,Apis_mellifera,0-16 Taraxacum_sp,1,0,66,3,2021
2,Apis_mellifera,0-8 Taraxacum_sp,1,0,66,3,2021
2,Andrena_cf_morio,0-9 Potentilla_sterilis,1,0,21,3,2021
2,Apis_mellifera,0-9 Taraxacum_sp,1,0,66,3,2021
2,Andrena_cf_morio,1-11 Potentilla_sterilis,5,0,21,3,2021
2,Andrena_cf_morio,1-12 Potentilla_sterilis,2,0,21,3,2021
2,Andrena_cf_morio,1-13 Oxalis_acetosella,1,1,20,3,2021
2,Andrena_cf_morio,1-13 Potentilla_sterilis,1,1,20,3,2021
2,Apis_mellifera,1-14 Taraxacum_sp,1,0,66,3,2021
2,Apis_mellifera,1-15 Taraxacum_sp,1,0,66,3,2021
2,Lasioglossum_immunitum,1-15 Taraxacum_sp,1,0,1,3,2021
2,Lasioglossum_immunitum,1-16 Taraxacum_sp,1,0,1,3,2021
2,Apis_mellifera,10-15 Taraxacum_sp,1,0,66,3,2021
2,Apis_mellifera,11-13 Taraxacum_sp,1,0,66,3,2021
2,Eristalis_sp,12-1 Bellis_perennis,1,0,14,3,2021
2,Apis_mellifera,12-13 Taraxacum_sp,1,0,66,3,2021
2,Eristalis_sp,12-17 Bellis_perennis,1,0,14,3,2021
2,Apis_mellifera,12-17 Taraxacum_sp,3,0,66,3,2021
2,Apis_mellifera,12-18 Taraxacum_sp,1,0,66,3,2021
2,Andrena_cineraria,12-22 Oxalis_acetosella,1,1,10,3,2021
2,Andrena_cineraria,12-22 Potentilla_sterilis,1,1,10,3,2021
2,Andrena_cf_morio,12-8 Potentilla_sterilis,3,0,21,3,2021
2,Eristalis_sp,13-11 Bellis_perennis,2,0,14,3,2021
2,Apis_mellifera,13-13 Taraxacum_sp,1,0,66,3,2021
2,Apis_mellifera,13-14 Taraxacum_sp,2,0,66,3,2021
2,Apis_mellifera,13-15 Taraxacum_sp,1,0,66,3,2021
2,Andrena_cineraria,13-17 Potentilla_sterilis,1,0,11,3,2021
2,Apis_mellifera,14-1 Taraxacum_sp,1,0,66,3,2021
2,Apis_mellifera,14-11 Taraxacum_sp,1,0,66,3,2021
2,Apis_mellifera,14-13 Taraxacum_sp,2,0,66,3,2021
2,Apis_mellifera,14-14 Taraxacum_sp,1,0,66,3,2021
2,Andrena_cf_morio,14-15 Hepatica_nobilis,3,0,21,3,2021
2,Apis_mellifera,14-15 Taraxacum_sp,1,0,66,3,2021
2,Eristalis_sp,14-16 Bellis_perennis,1,0,14,3,2021
2,Apis_mellifera,14-17 Taraxacum_sp,1,0,66,3,2021
2,Eristalis_sp,14-3 Bellis_perennis,2,0,14,3,2021
2,Andrena_cf_morio,14-7 Potentilla_sterilis,2,0,21,3,2021
2,Apis_mellifera,15-13 Taraxacum_sp,3,0,66,3,2021
2,Apis_mellifera,15-14 Taraxacum_sp,2,0,66,3,2021
2,Andrena_cf_morio,15-15 Hepatica_nobilis,1,0,21,3,2021
2,Apis_mellifera,15-15 Taraxacum_sp,2,0,66,3,2021
2,Eristalis_sp,15-16 Hepatica_nobilis,1,0,14,3,2021
2,Apis_mellifera,15-17 Taraxacum_sp,1,0,66,3,2021
2,Lucilia_silvarum,15-9 Bellis_perennis,2,0,2,3,2021
2,Apis_mellifera,16-13 Taraxacum_sp,1,0,66,3,2021
2,Apis_mellifera,16-14 Taraxacum_sp,3,0,66,3,2021
2,Apis_mellifera,16-15 Taraxacum_sp,1,0,66,3,2021
2,Apis_mellifera,16-18 Taraxacum_sp,2,0,66,3,2021
2,Lucilia_silvarum,16-9 Potentilla_sterilis,1,0,2,3,2021
2,Apis_mellifera,17-11 Taraxacum_sp,2,0,66,3,2021
2,Apis_mellifera,17-12 Taraxacum_sp,1,0,66,3,2021
2,Apis_mellifera,17-13 Taraxacum_sp,1,0,66,3,2021
2,Apis_mellifera,17-14 Taraxacum_sp,1,0,66,3,2021
2,Apis_mellifera,17-15 Taraxacum_sp,1,0,66,3,2021
2,Eristalis_sp,17-16 Bellis_perennis,2,1,13,3,2021
2,Eristalis_sp,17-16 Taraxacum_sp,1,1,13,3,2021
2,Apis_mellifera,17-19 Taraxacum_sp,1,0,66,3,2021
2,Apis_mellifera,18-14 Taraxacum_sp,3,0,66,3,2021
2,Apis_mellifera,18-15 Taraxacum_sp,1,0,66,3,2021
2,Andrena_cf_morio,18-16 Bellis_perennis,2,0,21,3,2021
2,Eristalis_sp,18-17 Bellis_perennis,2,1,13,3,2021
2,Apis_mellifera,18-17 Taraxacum_sp,3,0,66,3,2021
2,Eristalis_sp,18-17 Taraxacum_sp,1,1,13,3,2021
2,Apis_mellifera,18-19 Taraxacum_sp,1,0,66,3,2021
2,Apis_mellifera,18-23 Helleborus_viridis,1,0,66,3,2021
2,Apis_mellifera,18-24 Helleborus_viridis,1,0,66,3,2021
2,Bombus_pascuorum,18-24 Helleborus_viridis,1,0,1,3,2021
2,Apis_mellifera,19-23 Helleborus_viridis,2,0,66,3,2021
2,Apis_mellifera,2-1 Taraxacum_sp,3,0,66,3,2021
2,Apis_mellifera,2-14 Taraxacum_sp,1,0,66,3,2021
2,Apis_mellifera,2-15 Taraxacum_sp,2,0,66,3,2021
2,Apis_mellifera,2-17 Taraxacum_sp,3,0,66,3,2021
2,Apis_mellifera,2-7 Taraxacum_sp,3,0,66,3,2021
2,Apis_mellifera,20-16 Taraxacum_sp,3,0,66,3,2021
2,Andrena_cf_morio,20-18 Bellis_perennis,1,0,21,3,2021
2,Apis_mellifera,20-24 Helleborus_viridis,3,0,66,3,2021
2,Eristalis_sp,21-18 Hepatica_nobilis,1,0,14,3,2021
2,Apis_mellifera,21-19 Taraxacum_sp,1,0,66,3,2021
2,Bombus_pascuorum,21-5 Potentilla_sterilis,1,0,1,3,2021
2,Eristalis_sp,22-17 Bellis_perennis,2,0,14,3,2021
2,Apis_mellifera,23-14 Taraxacum_sp,2,0,66,3,2021
2,Eristalis_sp,23-17 Bellis_perennis,1,0,14,3,2021
2,Bombus_pratorum,23-19 Helleborus_viridis,2,0,0,3,2021
2,Andrena_cf_morio,23-3 Oxalis_acetosella,1,1,20,3,2021
2,Andrena_cf_morio,23-3 Potentilla_sterilis,2,1,20,3,2021
2,Apis_mellifera,3-12 Taraxacum_sp,2,0,66,3,2021
2,Apis_mellifera,3-13 Taraxacum_sp,1,0,66,3,2021
2,Apis_mellifera,3-14 Taraxacum_sp,1,0,66,3,2021
2,Apis_mellifera,4-1 Taraxacum_sp,1,0,66,3,2021
2,Andrena_cf_morio,4-15 Potentilla_sterilis,1,0,21,3,2021
2,Apis_mellifera,4-16 Taraxacum_sp,2,0,66,3,2021
2,Apis_mellifera,4-17 Taraxacum_sp,2,0,66,3,2021
2,Andrena_cineraria,4-4 Oxalis_acetosella,1,0,11,3,2021
2,Andrena_cineraria,4-5 Potentilla_sterilis,2,0,11,3,2021
2,Apis_mellifera,5-1 Taraxacum_sp,1,0,66,3,2021
2,Andrena_cf_morio,5-16 Bellis_perennis,1,1,20,3,2021
2,Andrena_cf_morio,5-16 Potentilla_sterilis,2,1,20,3,2021
2,Apis_mellifera,5-16 Taraxacum_sp,1,0,66,3,2021
2,Andrena_cineraria,5-3 Oxalis_acetosella,2,1,10,3,2021
2,Andrena_cineraria,5-3 Potentilla_sterilis,2,1,10,3,2021
2,Apis_mellifera,5-9 Ranunculus_ficaria,2,1,65,3,2021
2,Apis_mellifera,5-9 Taraxacum_sp,1,1,65,3,2021
2,Apis_mellifera,6-1 Taraxacum_sp,1,0,66,3,2021
2,Andrena_cf_morio,6-15 Hutchinsia_alpina,2,1,20,3,2021
2,Andrena_cf_morio,6-15 Potentilla_sterilis,2,1,20,3,2021
2,Andrena_cineraria,6-2 Potentilla_sterilis,1,0,11,3,2021
2,Andrena_cineraria,6-3 Potentilla_sterilis,2,0,11,3,2021
2,Apis_mellifera,6-5 Taraxacum_sp,1,0,66,3,2021
2,Apis_mellifera,6-9 Ranunculus_ficaria,1,1,65,3,2021
2,Apis_mellifera,6-9 Taraxacum_sp,1,1,65,3,2021
2,Eristalis_sp,7-17 Bellis_perennis,1,1,13,3,2021
2,Eristalis_sp,7-17 Potentilla_sterilis,1,1,13,3,2021
2,Apis_mellifera,8-11 Taraxacum_sp,2,0,66,3,2021
2,Apis_mellifera,8-13 Taraxacum_sp,1,0,66,3,2021
2,Andrena_cineraria,8-8 Bellis_perennis,2,1,10,3,2021
2,Andrena_cineraria,8-8 Potentilla_sterilis,6,1,10,3,2021
2,Apis_mellifera,9-13 Taraxacum_sp,4,0,66,3,2021
2,Andrena_cineraria,9-2 Potentilla_sterilis,1,0,11,3,2021
2,Apis_mellifera,9-6 Taraxacum_sp,1,0,66,3,2021
2,Lucilia_silvarum,9-9 Bellis_perennis,2,0,2,3,2021
4,Empis_sp,3-7 Scilla_verna,1,0,1,3,2021
4,Empis_sp,4-7 Scilla_verna,2,0,1,3,2021
3,Bombus_pascuorum,0-17 Lathyrus_linifolius,1,0,15,4,2021
3,Bombus_lapidarius,0-19 Lathyrus_linifolius,1,0,44,4,2021
3,Bombus_lapidarius,0-2 Lathyrus_linifolius,1,0,44,4,2021
3,Bombus_lapidarius,0-5 Pedicularis_sylvatica,2,0,44,4,2021
3,Bombus_lapidarius,1-15 Lathyrus_linifolius,1,0,44,4,2021
3,Bombus_pascuorum,1-16 Lathyrus_linifolius,1,0,15,4,2021
3,Bombus_lapidarius,1-22 Lathyrus_linifolius,1,0,44,4,2021
3,Bombus_pascuorum,10-10 Pedicularis_sylvatica,2,0,15,4,2021
3,Bombus_lapidarius,10-16 Lathyrus_linifolius,2,0,44,4,2021
3,Bombus_lapidarius,10-9 Lathyrus_linifolius,2,0,44,4,2021
3,Bombus_pascuorum,10-9 Lathyrus_linifolius,1,0,15,4,2021
3,Bombus_lapidarius,11-18 Lathyrus_linifolius,3,0,44,4,2021
3,Bombus_lapidarius,11-4 Lathyrus_linifolius,2,0,44,4,2021
3,Bombus_lapidarius,12-13 Lathyrus_linifolius,1,0,44,4,2021
3,Bombus_lapidarius,12-17 Lathyrus_linifolius,1,0,44,4,2021
3,Bombus_lapidarius,12-5 Lathyrus_linifolius,2,0,44,4,2021
3,Bombus_lapidarius,13-12 Lathyrus_linifolius,3,0,44,4,2021
3,Bombus_lapidarius,13-13 Lathyrus_linifolius,4,0,44,4,2021
3,Bombus_pascuorum,13-13 Lathyrus_linifolius,1,0,15,4,2021
3,Bombus_lapidarius,13-16 Lathyrus_linifolius,1,0,44,4,2021
3,Bombus_lapidarius,13-17 Lathyrus_linifolius,2,0,44,4,2021
3,Bombus_lapidarius,13-4 Pedicularis_sylvatica,6,0,44,4,2021
3,Bombus_lapidarius,14-8 Lathyrus_linifolius,1,0,44,4,2021
3,Bombus_pascuorum,15-14 Genista_sp,4,0,15,4,2021
3,Empis_sp,15-15 Potentilla_montana,1,1,0,4,2021
3,Empis_sp,15-15 Scilla_verna,3,1,0,4,2021
3,Bombus_lapidarius,15-24 Lathyrus_linifolius,2,0,44,4,2021
3,Bombus_lapidarius,17-3 Pedicularis_sylvatica,1,0,44,4,2021
3,Bombus_lapidarius,17-4 Pedicularis_sylvatica,8,0,44,4,2021
3,Bombus_lapidarius,18-4 Pedicularis_sylvatica,1,0,44,4,2021
3,Osmia_emarginata,18-5 Hippocrepis_comosa,2,0,4,4,2021
3,Bombus_pascuorum,19-1 Genista_sp,2,0,15,4,2021
3,Osmia_emarginata,19-4 Hippocrepis_comosa,2,0,4,4,2021
3,Osmia_emarginata,19-5 Hippocrepis_comosa,1,0,4,4,2021
3,Osmia_emarginata,19-6 Hippocrepis_comosa,1,0,4,4,2021
3,Osmia_emarginata,19-7 Hippocrepis_comosa,1,0,4,4,2021
3,Andrena_nitida,19-8 Hippocrepis_comosa,3,0,2,4,2021
3,Bombus_lapidarius,2-13 Lathyrus_linifolius,1,0,44,4,2021
3,Bombus_lapidarius,2-15 Lathyrus_linifolius,1,0,44,4,2021
3,Bombus_lapidarius,2-19 Lathyrus_linifolius,2,0,44,4,2021
3,Bombus_lapidarius,2-2 Lathyrus_linifolius,1,0,44,4,2021
3,Bombus_lapidarius,2-22 Lathyrus_linifolius,1,0,44,4,2021
3,Bombus_lapidarius,20-1 Pedicularis_sylvatica,1,0,44,4,2021
3,Bombus_pascuorum,20-1 Pedicularis_sylvatica,4,0,15,4,2021
3,Andrena_nitida,20-6 Pilosella_officinarum,1,0,2,4,2021
3,Bombus_lapidarius,21-1 Pedicularis_sylvatica,2,0,44,4,2021
3,Bombus_lapidarius,21-2 Lathyrus_linifolius,1,1,43,4,2021
3,Bombus_lapidarius,21-2 Pedicularis_sylvatica,3,1,43,4,2021
3,Bombus_pascuorum,21-2 Pedicularis_sylvatica,4,0,15,4,2021
3,Bombus_lapidarius,21-21 Lathyrus_linifolius,2,0,44,4,2021
3,Bombus_lapidarius,21-22 Lathyrus_linifolius,1,0,44,4,2021
3,Bombus_lapidarius,21-3 Pedicularis_sylvatica,1,0,44,4,2021
3,Bombus_pascuorum,21-4 Hippocrepis_comosa,1,0,15,4,2021
3,Bombus_lapidarius,21-4 Pedicularis_sylvatica,1,0,44,4,2021
3,Andrena_nitida,21-5 Hippocrepis_comosa,3,0,2,4,2021
3,Bombus_terrestris,22-1 Pedicularis_sylvatica,3,0,0,4,2021
3,Bombus_pascuorum,24-1 Lathyrus_linifolius,1,0,15,4,2021
3,Bombus_pascuorum,3-1 Lathyrus_linifolius,1,0,15,4,2021
3,Bombus_lapidarius,3-15 Viola_riviniana,1,0,44,4,2021
3,Bombus_lapidarius,3-19 Lathyrus_linifolius,1,0,44,4,2021
3,Bombus_lapidarius,4-15 Lathyrus_linifolius,1,0,44,4,2021
3,Bombus_pascuorum,4-15 Lathyrus_linifolius,1,0,15,4,2021
3,Bombus_lapidarius,5-15 Lathyrus_linifolius,1,0,44,4,2021
3,Bombus_pascuorum,5-5 Lathyrus_linifolius,1,1,14,4,2021
3,Bombus_pascuorum,5-5 Pedicularis_sylvatica,2,1,14,4,2021
3,Bombus_lapidarius,5-7 Lathyrus_linifolius,1,0,44,4,2021
3,Bombus_lapidarius,7-15 Lathyrus_linifolius,1,0,44,4,2021
3,Bombus_pascuorum,7-4 Lathyrus_linifolius,2,0,15,4,2021
3,Bombus_lapidarius,7-9 Lathyrus_linifolius,1,0,44,4,2021
3,Bombus_lapidarius,9-3 Lathyrus_linifolius,1,0,44,4,2021
3,Bombus_lapidarius,9-6 Lathyrus_linifolius,1,0,44,4,2021
3,Bombus_lapidarius,9-9 Lathyrus_linifolius,2,0,44,4,2021
4,Empis_sp,1-6 Scilla_verna,2,0,8,4,2021
4,Empis_sp,11-9 Scilla_verna,2,0,8,4,2021
4,Lasioglossum_sp,14-4 Scilla_verna,3,0,0,4,2021
4,Empis_sp,15-6 Scilla_verna,3,0,8,4,2021
4,Empis_sp,18-14 Scilla_verna,3,0,8,4,2021
4,Empis_sp,19-14 Scilla_verna,2,0,8,4,2021
4,Empis_sp,19-7 Scilla_verna,2,0,8,4,2021
4,Empis_sp,6-8 Scilla_verna,4,0,8,4,2021
4,Empis_sp,8-22 Scilla_verna,2,0,8,4,2021
4,Empis_sp,8-5 Scilla_verna,3,0,8,4,2021
5,C20,24-16 Scilla_verna,2,0,0,4,2021
1,Apis_mellifera,1-11 Taraxacum_sp,1,0,107,5,2021
1,Apis_mellifera,1-19 Taraxacum_sp,2,0,107,5,2021
1,Eristalis_sp,10-1 Taraxacum_sp,1,0,17,5,2021
1,Apis_mellifera,10-12 Taraxacum_sp,3,0,107,5,2021
1,Apis_mellifera,10-13 Taraxacum_sp,2,0,107,5,2021
1,Apis_mellifera,10-15 Taraxacum_sp,1,0,107,5,2021
1,Apis_mellifera,10-3 Taraxacum_sp,10,0,107,5,2021
1,Eristalis_sp,10-3 Taraxacum_sp,2,0,17,5,2021
1,Apis_mellifera,10-4 Taraxacum_sp,3,0,107,5,2021
1,Eristalis_sp,10-4 Taraxacum_sp,1,0,17,5,2021
1,Apis_mellifera,10-5 Taraxacum_sp,4,0,107,5,2021
1,Apis_mellifera,10-6 Taraxacum_sp,1,0,107,5,2021
1,Apis_mellifera,10-7 Taraxacum_sp,1,0,107,5,2021
1,Vanessa_cardui,10-7 Taraxacum_sp,1,0,8,5,2021
1,Apis_mellifera,11-12 Taraxacum_sp,1,0,107,5,2021
1,Eupeodes_corollae,11-14 Bellis_perennis,2,0,14,5,2021
1,Apis_mellifera,11-14 Taraxacum_sp,4,0,107,5,2021
1,Apis_mellifera,11-15 Taraxacum_sp,2,0,107,5,2021
1,Apis_mellifera,11-3 Taraxacum_sp,1,0,107,5,2021
1,Apis_mellifera,11-4 Taraxacum_sp,8,0,107,5,2021
1,Eristalis_sp,11-4 Taraxacum_sp,2,0,17,5,2021
1,Apis_mellifera,11-6 Taraxacum_sp,2,0,107,5,2021
1,Apis_mellifera,11-7 Taraxacum_sp,3,0,107,5,2021
1,Apis_mellifera,11-8 Taraxacum_sp,3,0,107,5,2021
1,Eupeodes_corollae,12-15 Bellis_perennis,1,0,14,5,2021
1,Apis_mellifera,12-18 Taraxacum_sp,1,0,107,5,2021
1,Apis_mellifera,12-19 Taraxacum_sp,8,0,107,5,2021
1,Eristalis_sp,12-4 Taraxacum_sp,1,0,17,5,2021
1,Apis_mellifera,12-5 Taraxacum_sp,1,0,107,5,2021
1,Apis_mellifera,12-6 Taraxacum_sp,1,0,107,5,2021
1,Apis_mellifera,12-7 Taraxacum_sp,1,0,107,5,2021
1,Apis_mellifera,12-8 Helleborus_viridis,1,1,106,5,2021
1,Apis_mellifera,12-8 Taraxacum_sp,2,1,106,5,2021
1,Apis_mellifera,13-18 Taraxacum_sp,3,0,107,5,2021
1,Vanessa_cardui,13-2 Taraxacum_sp,1,0,8,5,2021
1,Apis_mellifera,13-5 Taraxacum_sp,1,0,107,5,2021
1,Apis_mellifera,13-6 Taraxacum_sp,2,0,107,5,2021
1,Apis_mellifera,14-11 Taraxacum_sp,1,0,107,5,2021
1,Apis_mellifera,14-14 Taraxacum_sp,2,0,107,5,2021
1,Apis_mellifera,14-19 Taraxacum_sp,1,0,107,5,2021
1,Eupeodes_corollae,15-1 Bellis_perennis,2,0,14,5,2021
1,Apis_mellifera,15-1 Taraxacum_sp,2,0,107,5,2021
1,Apis_mellifera,15-12 Taraxacum_sp,3,0,107,5,2021
1,Apis_mellifera,15-18 Taraxacum_sp,4,0,107,5,2021
1,Apis_mellifera,15-19 Taraxacum_sp,1,0,107,5,2021
1,Apis_mellifera,15-5 Taraxacum_sp,6,0,107,5,2021
1,Bombus_pascuorum,15-8 Viola_riviniana,1,0,5,5,2021
1,Eupeodes_corollae,16-11 Bellis_perennis,2,0,14,5,2021
1,Apis_mellifera,16-11 Taraxacum_sp,1,0,107,5,2021
1,Apis_mellifera,16-12 Taraxacum_sp,1,0,107,5,2021
1,Apis_mellifera,16-18 Taraxacum_sp,2,0,107,5,2021
1,Apis_mellifera,16-19 Taraxacum_sp,1,0,107,5,2021
1,Apis_mellifera,16-5 Taraxacum_sp,1,0,107,5,2021
1,Eupeodes_corollae,16-7 Bellis_perennis,1,0,14,5,2021
1,Apis_mellifera,17-11 Taraxacum_sp,1,0,107,5,2021
1,Apis_mellifera,17-12 Taraxacum_sp,6,0,107,5,2021
1,Apis_mellifera,17-13 Taraxacum_sp,2,0,107,5,2021
1,Apis_mellifera,17-15 Taraxacum_sp,2,0,107,5,2021
1,Vanessa_cardui,17-21 Taraxacum_sp,1,0,8,5,2021
1,Empis_sp,17-3 Scilla_verna,2,0,0,5,2021
1,Apis_mellifera,17-4 Taraxacum_sp,1,0,107,5,2021
1,Apis_mellifera,18-1 Taraxacum_sp,1,0,107,5,2021
1,Apis_mellifera,18-11 Taraxacum_sp,2,0,107,5,2021
1,Apis_mellifera,18-12 Taraxacum_sp,1,0,107,5,2021
1,Apis_mellifera,18-16 Taraxacum_sp,2,0,107,5,2021
1,Apis_mellifera,18-2 Taraxacum_sp,1,0,107,5,2021
1,Apis_mellifera,18-21 Taraxacum_sp,1,0,107,5,2021
1,Apis_mellifera,18-3 Taraxacum_sp,1,0,107,5,2021
1,Apis_mellifera,18-4 Taraxacum_sp,2,0,107,5,2021
1,Eupeodes_corollae,18-7 Bellis_perennis,1,0,14,5,2021
1,Eupeodes_corollae,18-8 Bellis_perennis,1,0,14,5,2021
1,Apis_mellifera,18-9 Taraxacum_sp,4,0,107,5,2021
1,Apis_mellifera,19-1 Taraxacum_sp,1,0,107,5,2021
1,Apis_mellifera,19-16 Taraxacum_sp,1,0,107,5,2021
1,Apis_mellifera,19-17 Taraxacum_sp,3,0,107,5,2021
1,Apis_mellifera,19-21 Taraxacum_sp,2,0,107,5,2021
1,Apis_mellifera,19-3 Taraxacum_sp,6,0,107,5,2021
1,Lasioglossum_immunitum,19-3 Taraxacum_sp,2,0,0,5,2021
1,Apis_mellifera,19-4 Taraxacum_sp,3,0,107,5,2021
1,Eupeodes_corollae,19-5 Bellis_perennis,1,0,14,5,2021
1,Apis_mellifera,19-5 Taraxacum_sp,4,0,107,5,2021
1,Apis_mellifera,19-8 Helleborus_viridis,1,0,107,5,2021
1,Apis_mellifera,2-11 Taraxacum_sp,1,0,107,5,2021
1,Apis_mellifera,2-18 Taraxacum_sp,4,0,107,5,2021
1,Apis_mellifera,2-19 Taraxacum_sp,3,0,107,5,2021
1,Apis_mellifera,20-1 Helleborus_viridis,1,1,106,5,2021
1,Apis_mellifera,20-1 Taraxacum_sp,4,1,106,5,2021
1,Eupeodes_corollae,20-18 Bellis_perennis,2,0,14,5,2021
1,Eupeodes_corollae,20-19 Bellis_perennis,1,0,14,5,2021
1,Vanessa_cardui,20-2 Taraxacum_sp,1,0,8,5,2021
1,Apis_mellifera,20-21 Taraxacum_sp,1,0,107,5,2021
1,Eristalis_sp,20-22 Taraxacum_sp,1,0,17,5,2021
1,Apis_mellifera,20-3 Taraxacum_sp,3,0,107,5,2021
1,Vanessa_cardui,20-3 Taraxacum_sp,1,0,8,5,2021
1,Eupeodes_corollae,20-5 Bellis_perennis,1,0,14,5,2021
1,Apis_mellifera,20-5 Taraxacum_sp,6,0,107,5,2021
1,Eupeodes_corollae,21-16 Bellis_perennis,1,0,14,5,2021
1,Eupeodes_corollae,21-18 Bellis_perennis,1,0,14,5,2021
1,Eristalis_sp,21-18 Taraxacum_sp,1,0,17,5,2021
1,Apis_mellifera,21-2 Taraxacum_sp,2,0,107,5,2021
1,Eristalis_sp,21-3 Taraxacum_sp,1,0,17,5,2021
1,Apis_mellifera,22-1 Taraxacum_sp,2,0,107,5,2021
1,Bombus_pascuorum,22-11 Viola_riviniana,1,0,5,5,2021
1,Apis_mellifera,22-12 Helleborus_viridis,1,0,107,5,2021
1,Eupeodes_corollae,22-14 Bellis_perennis,1,0,14,5,2021
1,Eupeodes_corollae,22-15 Bellis_perennis,1,0,14,5,2021
1,Eristalis_sp,22-18 Taraxacum_sp,1,0,17,5,2021
1,Bombus_pascuorum,22-18 Viola_riviniana,1,0,5,5,2021
1,Bombus_pascuorum,22-19 Helleborus_viridis,1,0,5,5,2021
1,Apis_mellifera,22-2 Taraxacum_sp,1,0,107,5,2021
1,Apis_mellifera,22-3 Taraxacum_sp,2,0,107,5,2021
1,Apis_mellifera,22-4 Taraxacum_sp,4,0,107,5,2021
1,Apis_mellifera,23-1 Taraxacum_sp,3,0,107,5,2021
1,Eristalis_sp,23-18 Taraxacum_sp,2,0,17,5,2021
1,Apis_mellifera,23-19 Taraxacum_sp,3,0,107,5,2021
1,Eristalis_sp,23-19 Taraxacum_sp,2,0,17,5,2021
1,Bombus_pascuorum,23-19 Viola_riviniana,3,0,5,5,2021
1,Apis_mellifera,23-2 Taraxacum_sp,3,0,107,5,2021
1,Eristalis_sp,23-2 Taraxacum_sp,1,0,17,5,2021
1,Eristalis_sp,23-22 Taraxacum_sp,1,0,17,5,2021
1,Apis_mellifera,23-3 Taraxacum_sp,3,0,107,5,2021
1,Eristalis_sp,23-3 Taraxacum_sp,1,0,17,5,2021
1,Apis_mellifera,23-4 Taraxacum_sp,1,0,107,5,2021
1,Bombus_pascuorum,24-16 Viola_riviniana,1,0,5,5,2021
1,Vanessa_cardui,24-19 Taraxacum_sp,1,0,8,5,2021
1,Vanessa_cardui,24-2 Taraxacum_sp,1,0,8,5,2021
1,Vanessa_cardui,24-22 Taraxacum_sp,1,0,8,5,2021
1,Apis_mellifera,24-4 Taraxacum_sp,1,0,107,5,2021
1,Apis_mellifera,3-11 Taraxacum_sp,1,0,107,5,2021
1,Apis_mellifera,3-12 Taraxacum_sp,1,0,107,5,2021
1,Apis_mellifera,4-1 Taraxacum_sp,1,0,107,5,2021
1,Apis_mellifera,4-11 Taraxacum_sp,1,0,107,5,2021
1,Apis_mellifera,4-12 Taraxacum_sp,1,0,107,5,2021
1,Apis_mellifera,4-18 Taraxacum_sp,2,0,107,5,2021
1,Apis_mellifera,4-19 Taraxacum_sp,1,0,107,5,2021
1,Apis_mellifera,5-11 Taraxacum_sp,3,0,107,5,2021
1,Apis_mellifera,5-18 Taraxacum_sp,3,0,107,5,2021
1,Eristalis_sp,6-1 Taraxacum_sp,3,0,17,5,2021
1,Apis_mellifera,6-5 Taraxacum_sp,8,0,107,5,2021
1,Apis_mellifera,7-1 Taraxacum_sp,1,0,107,5,2021
1,Apis_mellifera,7-11 Taraxacum_sp,2,0,107,5,2021
1,Apis_mellifera,7-12 Taraxacum_sp,1,0,107,5,2021
1,Apis_mellifera,7-13 Taraxacum_sp,3,0,107,5,2021
1,Apis_mellifera,7-5 Taraxacum_sp,1,0,107,5,2021
1,Apis_mellifera,7-7 Taraxacum_sp,1,0,107,5,2021
1,Apis_mellifera,8-1 Helleborus_viridis,2,0,107,5,2021
1,Eristalis_sp,8-1 Taraxacum_sp,2,0,17,5,2021
1,Apis_mellifera,8-15 Taraxacum_sp,1,0,107,5,2021
1,Apis_mellifera,8-16 Taraxacum_sp,1,0,107,5,2021
1,Apis_mellifera,8-5 Taraxacum_sp,1,0,107,5,2021
1,Apis_mellifera,8-6 Taraxacum_sp,1,0,107,5,2021
1,Eristalis_sp,8-8 Taraxacum_sp,1,0,17,5,2021
1,Vanessa_cardui,8-8 Taraxacum_sp,2,0,8,5,2021
1,Apis_mellifera,9-14 Taraxacum_sp,1,0,107,5,2021
1,Eristalis_sp,9-2 Taraxacum_sp,1,0,17,5,2021
1,Apis_mellifera,9-3 Taraxacum_sp,5,0,107,5,2021
1,Apis_mellifera,9-5 Taraxacum_sp,1,0,107,5,2021
1,Apis_mellifera,9-6 Taraxacum_sp,2,0,107,5,2021
2,Apis_mellifera,1-17 Taraxacum_sp,1,0,91,5,2021
2,Bombus_pratorum,10-12 Taraxacum_sp,2,0,2,5,2021
2,Apis_mellifera,10-17 Taraxacum_sp,3,0,91,5,2021
2,Pieris_napi,10-3 Taraxacum_sp,1,0,4,5,2021
2,Pieris_napi,10-4 Cardamine_pratensis,1,0,4,5,2021
2,Apis_mellifera,10-5 Taraxacum_sp,3,0,91,5,2021
2,Lucilia_silvarum,10-9 Bellis_perennis,6,0,1,5,2021
2,Apis_mellifera,10-9 Taraxacum_sp,2,0,91,5,2021
2,Bombus_pratorum,11-12 Taraxacum_sp,1,0,2,5,2021
2,Apis_mellifera,11-18 Taraxacum_sp,2,0,91,5,2021
2,Apis_mellifera,11-5 Taraxacum_sp,1,0,91,5,2021
2,Apis_mellifera,11-8 Taraxacum_sp,3,0,91,5,2021
2,Apis_mellifera,11-9 Taraxacum_sp,2,0,91,5,2021
2,Apis_mellifera,12-14 Taraxacum_sp,2,0,91,5,2021
2,Orthoptera,12-23 Hutchinsia_alpina,3,0,0,5,2021
2,Apis_mellifera,12-4 Taraxacum_sp,1,0,91,5,2021
2,Apis_mellifera,13-11 Taraxacum_sp,1,0,91,5,2021
2,Apis_mellifera,13-13 Taraxacum_sp,2,0,91,5,2021
2,Apis_mellifera,13-14 Taraxacum_sp,1,0,91,5,2021
2,Apis_mellifera,13-3 Taraxacum_sp,1,0,91,5,2021
2,Apis_mellifera,13-4 Taraxacum_sp,1,0,91,5,2021
2,Apis_mellifera,13-9 Taraxacum_sp,1,0,91,5,2021
2,Apis_mellifera,14-11 Taraxacum_sp,2,0,91,5,2021
2,Apis_mellifera,14-14 Taraxacum_sp,1,0,91,5,2021
2,Apis_mellifera,14-4 Taraxacum_sp,1,0,91,5,2021
2,Apis_mellifera,15-11 Taraxacum_sp,1,0,91,5,2021
2,Apis_mellifera,15-12 Taraxacum_sp,5,0,91,5,2021
2,Apis_mellifera,15-13 Taraxacum_sp,2,0,91,5,2021
2,Apis_mellifera,15-14 Taraxacum_sp,2,0,91,5,2021
2,Apis_mellifera,15-15 Taraxacum_sp,1,0,91,5,2021
2,Apis_mellifera,15-18 Taraxacum_sp,1,0,91,5,2021
2,Apis_mellifera,15-19 Taraxacum_sp,3,0,91,5,2021
2,?=C19,15-7 Bellis_perennis,4,0,14,5,2021
2,Anthocharis_cardamines,15-7 Cardamine_pratensis,2,0,0,5,2021
2,Apis_mellifera,16-12 Taraxacum_sp,8,0,91,5,2021
2,Apis_mellifera,16-13 Taraxacum_sp,2,0,91,5,2021
2,Apis_mellifera,16-14 Taraxacum_sp,2,0,91,5,2021
2,Apis_mellifera,16-16 Taraxacum_sp,1,0,91,5,2021
2,Apis_mellifera,16-6 Taraxacum_sp,3,0,91,5,2021
2,C22,16-9 Bellis_perennis,2,0,1,5,2021
2,Apis_mellifera,16-9 Taraxacum_sp,1,0,91,5,2021
2,Apis_mellifera,17-13 Taraxacum_sp,1,0,91,5,2021
2,Apis_mellifera,17-2 Taraxacum_sp,6,0,91,5,2021
2,Apis_mellifera,17-9 Taraxacum_sp,1,0,91,5,2021
2,Apis_mellifera,18-1 Taraxacum_sp,1,0,91,5,2021
2,Apis_mellifera,18-11 Taraxacum_sp,1,0,91,5,2021
2,Apis_mellifera,18-12 Taraxacum_sp,1,0,91,5,2021
2,Apis_mellifera,18-13 Taraxacum_sp,2,0,91,5,2021
2,Apis_mellifera,18-14 Taraxacum_sp,1,0,91,5,2021
2,Andrena_cf_morio,18-6 Bellis_perennis,1,0,2,5,2021
2,Apis_mellifera,18-9 Taraxacum_sp,1,0,91,5,2021
2,Apis_mellifera,19-4 Taraxacum_sp,3,0,91,5,2021
2,Apis_mellifera,19-5 Taraxacum_sp,1,0,91,5,2021
2,Andrena_cf_morio,19-6 Taraxacum_sp,2,0,2,5,2021
2,Apis_mellifera,19-8 Taraxacum_sp,1,0,91,5,2021
2,Apis_mellifera,2-1 Taraxacum_sp,5,0,91,5,2021
2,Apis_mellifera,2-11 Taraxacum_sp,1,0,91,5,2021
2,Apis_mellifera,2-13 Taraxacum_sp,2,0,91,5,2021
2,Apis_mellifera,2-14 Taraxacum_sp,1,0,91,5,2021
2,Apis_mellifera,2-17 Taraxacum_sp,7,0,91,5,2021
2,Lucilia_silvarum,2-18 Hutchinsia_alpina,10,0,1,5,2021
2,Apis_mellifera,20-6 Taraxacum_sp,3,0,91,5,2021
2,Apis_mellifera,20-7 Taraxacum_sp,2,0,91,5,2021
2,Bombus_pratorum,21-1 Taraxacum_sp,1,0,2,5,2021
2,Apis_mellifera,21-7 Taraxacum_sp,1,0,91,5,2021
2,Apis_mellifera,21-8 Taraxacum_sp,2,0,91,5,2021
2,Apis_mellifera,22-13 Taraxacum_sp,1,0,91,5,2021
2,Andrena_cf_morio,22-8 Taraxacum_sp,1,0,2,5,2021
2,Apis_mellifera,22-8 Taraxacum_sp,2,0,91,5,2021
2,Apis_mellifera,23-13 Taraxacum_sp,3,0,91,5,2021
2,Apis_mellifera,23-14 Taraxacum_sp,1,0,91,5,2021
2,Apis_mellifera,24-1 Taraxacum_sp,1,0,91,5,2021
2,Apis_mellifera,24-11 Taraxacum_sp,1,0,91,5,2021
2,Apis_mellifera,3-11 Taraxacum_sp,1,0,91,5,2021
2,Apis_mellifera,3-13 Taraxacum_sp,1,0,91,5,2021
2,?=C19,3-14 Bellis_perennis,2,0,14,5,2021
2,Apis_mellifera,3-14 Taraxacum_sp,2,0,91,5,2021
2,Apis_mellifera,3-15 Taraxacum_sp,2,0,91,5,2021
2,Apis_mellifera,3-17 Taraxacum_sp,1,0,91,5,2021
2,?=C19,3-22 Hutchinsia_alpina,3,1,13,5,2021
2,?=C19,3-22 Potentilla_sterilis,1,1,13,5,2021
2,Empis_sp,3-23 Hutchinsia_alpina,3,0,1,5,2021
2,Apis_mellifera,3-9 Taraxacum_sp,2,0,91,5,2021
2,Apis_mellifera,4-11 Taraxacum_sp,1,0,91,5,2021
2,Apis_mellifera,4-15 Taraxacum_sp,1,0,91,5,2021
2,Apis_mellifera,4-16 Taraxacum_sp,1,0,91,5,2021
2,Apis_mellifera,4-17 Taraxacum_sp,2,0,91,5,2021
2,Apis_mellifera,4-18 Taraxacum_sp,1,0,91,5,2021
2,?=C19,4-21 Bellis_perennis,1,1,13,5,2021
2,?=C19,4-21 Hutchinsia_alpina,2,1,13,5,2021
2,?=C19,4-22 Hutchinsia_alpina,14,0,14,5,2021
2,C19,4-22 Hutchinsia_alpina,2,0,4,5,2021
2,Empis_sp,4-22 Hutchinsia_alpina,5,0,1,5,2021
2,Apis_mellifera,5-18 Taraxacum_sp,1,0,91,5,2021
2,C19,5-22 Bellis_perennis,2,0,4,5,2021
2,C22,5-22 Hutchinsia_alpina,6,0,1,5,2021
2,Apis_mellifera,6-12 Taraxacum_sp,3,0,91,5,2021
2,?=C19,6-19 Taraxacum_sp,1,0,14,5,2021
2,?=C19,6-2 Taraxacum_sp,1,0,14,5,2021
2,C19,6-21 Hutchinsia_alpina,4,0,4,5,2021
2,C19,6-22 Bellis_perennis,3,0,4,5,2021
2,C19,6-23 Bellis_perennis,1,0,4,5,2021
2,?=C19,6-4 Bellis_perennis,4,0,14,5,2021
2,Apis_mellifera,6-6 Taraxacum_sp,5,0,91,5,2021
2,Apis_mellifera,6-7 Taraxacum_sp,6,0,91,5,2021
2,Apis_mellifera,7-14 Taraxacum_sp,2,0,91,5,2021
2,Apis_mellifera,7-17 Taraxacum_sp,1,0,91,5,2021
2,Apis_mellifera,7-18 Taraxacum_sp,1,0,91,5,2021
2,Pieris_napi,7-2 Bellis_perennis,1,1,3,5,2021
2,Pieris_napi,7-2 Taraxacum_sp,1,1,3,5,2021
2,?=C19,7-21 Hutchinsia_alpina,10,0,14,5,2021
2,Apis_mellifera,7-6 Taraxacum_sp,2,0,91,5,2021
2,Apis_mellifera,7-7 Taraxacum_sp,3,0,91,5,2021
2,Apis_mellifera,7-8 Taraxacum_sp,6,0,91,5,2021
2,Apis_mellifera,7-9 Taraxacum_sp,2,0,91,5,2021
2,Apis_mellifera,8-1 Taraxacum_sp,1,0,91,5,2021
2,?=C19,8-21 Hutchinsia_alpina,1,0,14,5,2021
2,?=C22,8-21 Hutchinsia_alpina,7,0,0,5,2021
2,?=C19,8-22 Hutchinsia_alpina,2,0,14,5,2021
2,Pieris_napi,8-3 Bellis_perennis,1,0,4,5,2021
2,Apis_mellifera,8-4 Taraxacum_sp,3,0,91,5,2021
2,Apis_mellifera,8-5 Taraxacum_sp,1,0,91,5,2021
2,Apis_mellifera,8-6 Taraxacum_sp,2,0,91,5,2021
2,?=C19,8-8 Bellis_perennis,2,0,14,5,2021
2,Apis_mellifera,8-8 Taraxacum_sp,3,0,91,5,2021
2,Apis_mellifera,8-9 Taraxacum_sp,5,0,91,5,2021
2,Apis_mellifera,9-1 Taraxacum_sp,1,0,91,5,2021
2,Apis_mellifera,9-17 Taraxacum_sp,1,0,91,5,2021
2,Apis_mellifera,9-18 Taraxacum_sp,1,0,91,5,2021
2,Apis_mellifera,9-6 Taraxacum_sp,2,0,91,5,2021
2,?=C19,9-8 Bellis_perennis,2,0,14,5,2021
2,Apis_mellifera,9-9 Taraxacum_sp,10,0,91,5,2021
4,Empis_sp,1-22 Scilla_verna,3,0,7,5,2021
4,Empis_sp,11-1 Scilla_verna,2,0,7,5,2021
4,Empis_sp,12-11 Scilla_verna,2,0,7,5,2021
4,Empis_sp,20-21 Scilla_verna,2,0,7,5,2021
4,Empis_sp,4-24 Scilla_verna,2,0,7,5,2021
4,Empis_sp,5-23 Scilla_verna,2,0,7,5,2021
4,Empis_sp,6-15 Scilla_verna,3,0,7,5,2021
4,Empis_sp,8-18 Scilla_verna,2,0,7,5,2021
2,Apis_mellifera,1-19 Taraxacum_sp,2,0,31,6,2021
2,Apis_mellifera,1-2 Taraxacum_sp,3,0,31,6,2021
2,Apis_mellifera,1-21 Taraxacum_sp,1,0,31,6,2021
2,Apis_mellifera,10-12 Taraxacum_sp,1,0,31,6,2021
2,Anthocharis_cardamines,10-4 Cardamine_pratensis,1,0,8,6,2021
2,Andrena_cf_morio,14-4 Taraxacum_sp,2,0,0,6,2021
2,Apis_mellifera,14-5 Taraxacum_sp,2,0,31,6,2021
2,Vanessa_atalanta,14-5 Taraxacum_sp,1,0,1,6,2021
2,Anthocharis_cardamines,14-6 Cardamine_pratensis,1,0,8,6,2021
2,Lasioglossum_sp,14-6 Cardamine_pratensis,7,0,0,6,2021
2,Anthocharis_cardamines,14-7 Cardamine_pratensis,5,0,8,6,2021
2,Macroglossum_stellatarum,14-7 Cardamine_pratensis,2,0,1,6,2021
2,Anthocharis_cardamines,16-1 Cardamine_pratensis,3,0,8,6,2021
2,Macroglossum_stellatarum,16-1 Cardamine_pratensis,2,0,1,6,2021
2,Apis_mellifera,16-16 Taraxacum_sp,2,0,31,6,2021
2,Platycheirus_albimanus,16-2 Bellis_perennis,1,1,1,6,2021
2,Platycheirus_albimanus,16-2 Taraxacum_sp,2,1,1,6,2021
2,Bombylius_sp,16-4 Cardamine_pratensis,2,0,3,6,2021
2,Apis_mellifera,16-5 Taraxacum_sp,9,0,31,6,2021
2,Apis_mellifera,16-6 Taraxacum_sp,4,0,31,6,2021
2,Pieris_sp,17-1 Cardamine_pratensis,1,0,2,6,2021
2,Apis_mellifera,17-1 Taraxacum_sp,1,0,31,6,2021
2,Anthocharis_cardamines,17-5 Cardamine_pratensis,1,0,8,6,2021
2,Bombylius_sp,17-5 Cardamine_pratensis,2,0,3,6,2021
2,Pieris_brassicae,17-5 Cardamine_pratensis,1,0,3,6,2021
2,Anthocharis_cardamines,17-8 Cardamine_pratensis,1,0,8,6,2021
2,Apis_mellifera,18-3 Taraxacum_sp,3,0,31,6,2021
2,Apis_mellifera,18-4 Taraxacum_sp,1,0,31,6,2021
2,Apis_mellifera,18-5 Bellis_perennis,1,0,31,6,2021
2,Lucilia_silvarum,18-6 Bellis_perennis,2,0,2,6,2021
2,Pieris_napi,19-19 Cardamine_pratensis,2,0,0,6,2021
2,Apis_mellifera,19-5 Taraxacum_sp,2,0,31,6,2021
2,Apis_mellifera,19-6 Bellis_perennis,2,0,31,6,2021
2,Lucilia_silvarum,19-6 Bellis_perennis,2,0,2,6,2021
2,Bombylius_sp,19-6 Cardamine_pratensis,3,0,3,6,2021
2,Anthocharis_cardamines,19-7 Cardamine_pratensis,1,0,8,6,2021
2,Pieris_brassicae,19-7 Cardamine_pratensis,2,0,3,6,2021
2,Bombus_pascuorum,2-16 Vicia_pyrenaica,2,0,0,6,2021
2,Bombus_sylvestris,20-1 Taraxacum_sp,2,0,2,6,2021
2,Bombus_sylvestris,20-2 Taraxacum_sp,2,0,2,6,2021
2,Pieris_brassicae,21-2 Cardamine_pratensis,2,0,3,6,2021
2,Apis_mellifera,21-5 Taraxacum_sp,1,0,31,6,2021
2,Apis_mellifera,21-6 Taraxacum_sp,1,0,31,6,2021
2,Platycheirus_albimanus,21-7 Taraxacum_sp,3,0,2,6,2021
2,Apis_mellifera,22-1 Taraxacum_sp,2,0,31,6,2021
2,Bombus_sylvestris,22-4 Taraxacum_sp,1,0,2,6,2021
2,Eupeodes_niger,22-5 Cardamine_pratensis,3,0,0,6,2021
2,Pieris_brassicae,22-5 Cardamine_pratensis,3,0,3,6,2021
2,Vanessa_atalanta,22-5 Cardamine_pratensis,1,0,1,6,2021
2,Pieris_sp,23-9 Cardamine_pratensis,1,0,2,6,2021
2,Apis_mellifera,24-13 Taraxacum_sp,2,0,31,6,2021
2,Lucilia_silvarum,24-2 Bellis_perennis,2,0,2,6,2021
2,Apis_mellifera,24-2 Taraxacum_sp,2,0,31,6,2021
2,Pieris_sp,24-8 Cardamine_pratensis,1,0,2,6,2021
2,Eristalis_tenax,24-9 Cardamine_pratensis,2,0,0,6,2021
2,Apis_mellifera,4-15 Taraxacum_sp,2,0,31,6,2021
2,Apis_mellifera,4-16 Taraxacum_sp,3,0,31,6,2021
2,Anthocharis_cardamines,4-8 Cardamine_pratensis,2,0,8,6,2021
2,Apis_mellifera,4-9 Taraxacum_sp,1,0,31,6,2021
2,Apis_mellifera,5-5 Taraxacum_sp,1,0,31,6,2021
2,Apis_mellifera,5-6 Taraxacum_sp,3,0,31,6,2021
2,Apis_mellifera,5-7 Taraxacum_sp,2,0,31,6,2021
2,Bombylius_sp,5-9 Cardamine_pratensis,2,0,3,6,2021
2,Eristalis_sp,6-1 Bellis_perennis,1,0,1,6,2021
2,Apis_mellifera,6-2 Taraxacum_sp,2,0,31,6,2021
2,Apis_mellifera,6-4 Taraxacum_sp,5,0,31,6,2021
2,Eristalis_sp,7-11 Bellis_perennis,4,0,1,6,2021
2,Apis_mellifera,7-5 Taraxacum_sp,2,0,31,6,2021
2,Apis_mellifera,8-5 Taraxacum_sp,1,0,31,6,2021
2,Apis_mellifera,9-11 Taraxacum_sp,2,0,31,6,2021
2,Anthocharis_cardamines,9-2 Cardamine_pratensis,3,0,8,6,2021
2,Apis_mellifera,9-4 Taraxacum_sp,1,0,31,6,2021
2,Apis_mellifera,9-5 Taraxacum_sp,1,0,31,6,2021
3,Andrena_minutuloides,1-4 Potentilla_erecta,1,0,4,6,2021
3,Bombus_lapidarius,11-11 Pedicularis_sylvatica,1,0,11,6,2021
3,Andrena_minutuloides,11-3 Ranunculus_repens,1,0,4,6,2021
3,Bombus_lapidarius,12-12 Lathyrus_linifolius,1,0,11,6,2021
3,Andrena_minutuloides,12-3 Ranunculus_repens,1,0,4,6,2021
3,Bombus_lapidarius,13-1 Pedicularis_sylvatica,1,0,11,6,2021
3,Andrena_minutuloides,13-3 Ranunculus_repens,1,0,4,6,2021
3,C35,13-4 Hippocrepis_comosa,5,0,0,6,2021
3,Bombus_lapidarius,14-9 Lathyrus_linifolius,1,0,11,6,2021
3,Bombus_pascuorum,16-1 Pedicularis_sylvatica,1,0,1,6,2021
3,Sphaerophoria_scripta,17-14 Potentilla_erecta,2,0,2,6,2021
3,Lasioglossum_sp,17-17 Pilosella_officinarum,1,0,9,6,2021
3,Bombus_lapidarius,17-4 Pedicularis_sylvatica,2,0,11,6,2021
3,Sphaerophoria_scripta,18-12 Potentilla_erecta,1,0,2,6,2021
3,Sphaerophoria_scripta,18-13 Potentilla_erecta,1,0,2,6,2021
3,Lasioglossum_sp,18-17 Pilosella_officinarum,1,0,9,6,2021
3,?=C35,18-5 Hippocrepis_comosa,4,0,0,6,2021
3,Lasioglossum_sp,19-22 Potentilla_erecta,1,0,9,6,2021
3,Andrena_minutuloides,2-7 Potentilla_erecta,1,0,4,6,2021
3,Lasioglossum_sp,20-22 Potentilla_erecta,1,0,9,6,2021
3,Bombus_pascuorum,20-5 Pedicularis_sylvatica,1,0,1,6,2021
3,Lasioglossum_sp,20-6 Potentilla_montana,2,0,9,6,2021
3,Bombus_lapidarius,21-1 Pedicularis_sylvatica,1,0,11,6,2021
3,Bombus_lapidarius,21-11 Pilosella_officinarum,1,0,11,6,2021
3,Lasioglossum_sp,21-12 Potentilla_erecta,1,0,9,6,2021
3,Lasioglossum_sp,21-22 Ranunculus_repens,1,0,9,6,2021
3,Bombus_lapidarius,21-4 Pedicularis_sylvatica,1,0,11,6,2021
3,Bombus_lapidarius,22-1 Pedicularis_sylvatica,1,0,11,6,2021
3,Bombus_lapidarius,22-2 Pedicularis_sylvatica,2,0,11,6,2021
3,Lasioglossum_sp,23-12 Pilosella_officinarum,2,0,9,6,2021
3,Bombus_lapidarius,23-23 Pedicularis_sylvatica,1,0,11,6,2021
3,Bombus_lapidarius,23-3 Pedicularis_sylvatica,3,0,11,6,2021
3,Lasioglossum_sp,5-5 Ranunculus_repens,1,0,9,6,2021
3,Lasioglossum_sp,6-6 Ranunculus_repens,1,0,9,6,2021
5,Empis_sp,16-1 Scilla_verna,2,0,10,6,2021
5,Empis_sp,16-2 Scilla_verna,3,0,10,6,2021
5,Empis_sp,17-2 Scilla_verna,2,0,10,6,2021
5,Empis_sp,18-21 Scilla_verna,2,0,10,6,2021
5,Empis_sp,19-14 Scilla_verna,2,0,10,6,2021
5,Empis_sp,19-4 Scilla_verna,2,0,10,6,2021
5,Empis_sp,22-1 Scilla_verna,2,0,10,6,2021
5,C32,23-13 Scilla_verna,2,0,0,6,2021
5,Empis_sp,4-19 Scilla_verna,2,0,10,6,2021
5,Empis_sp,7-17 Scilla_verna,4,0,10,6,2021
5,Empis_sp,8-17 Scilla_verna,2,0,10,6,2021
5,Empis_sp,8-3 Scilla_verna,3,0,10,6,2021
1,Apis_mellifera,1-1 Taraxacum_sp,1,0,45,7,2021
1,Apis_mellifera,1-9 Taraxacum_sp,1,0,45,7,2021
1,Sphaerophoria_scripta,10-18 Bellis_perennis,2,0,8,7,2021
1,Apis_mellifera,10-18 Taraxacum_sp,1,0,45,7,2021
1,Apis_mellifera,10-7 Taraxacum_sp,2,0,45,7,2021
1,Andrena_minutuloides,10-8 Bellis_perennis,1,0,1,7,2021
1,Bombus_pascuorum,11-16 Vicia_pyrenaica,3,0,22,7,2021
1,Apis_mellifera,11-17 Taraxacum_sp,6,0,45,7,2021
1,Bombus_pascuorum,11-17 Vicia_pyrenaica,2,0,22,7,2021
1,Apis_mellifera,11-18 Taraxacum_sp,7,0,45,7,2021
1,Bombus_pascuorum,11-21 Vicia_pyrenaica,1,0,22,7,2021
1,Apis_mellifera,11-4 Taraxacum_sp,5,0,45,7,2021
1,Bombus_pascuorum,12-18 Vicia_pyrenaica,3,0,22,7,2021
1,Bombus_pascuorum,12-19 Vicia_pyrenaica,1,0,22,7,2021
1,Bombus_pascuorum,12-21 Vicia_pyrenaica,2,0,22,7,2021
1,Apis_mellifera,12-5 Taraxacum_sp,1,0,45,7,2021
1,Bombus_pascuorum,12-8 Vicia_pyrenaica,2,0,22,7,2021
1,Bombus_pascuorum,13-11 Vicia_pyrenaica,1,0,22,7,2021
1,Bombus_pascuorum,13-12 Vicia_pyrenaica,1,0,22,7,2021
1,Bombus_pascuorum,13-2 Vicia_pyrenaica,1,0,22,7,2021
1,Bombus_pascuorum,13-24 Vicia_pyrenaica,16,0,22,7,2021
1,Apis_mellifera,13-6 Taraxacum_sp,4,0,45,7,2021
1,Bombus_pascuorum,14-1 Vicia_pyrenaica,20,0,22,7,2021
1,Platycheirus_albimanus,14-16 Taraxacum_sp,2,0,4,7,2021
1,Bombus_pascuorum,14-24 Vicia_pyrenaica,2,0,22,7,2021
1,Apis_mellifera,14-5 Taraxacum_sp,4,0,45,7,2021
1,Apis_mellifera,14-6 Taraxacum_sp,2,0,45,7,2021
1,Apis_mellifera,14-7 Taraxacum_sp,1,0,45,7,2021
1,C44,14-9 Hutchinsia_alpina,3,0,0,7,2021
1,Bombus_pascuorum,14-9 Vicia_pyrenaica,8,0,22,7,2021
1,Bombus_pascuorum,15-12 Vicia_pyrenaica,2,0,22,7,2021
1,Eristalis_sp,15-14 Bellis_perennis,1,0,16,7,2021
1,Platycheirus_albimanus,15-17 Taraxacum_sp,1,0,4,7,2021
1,Apis_mellifera,15-18 Taraxacum_sp,1,0,45,7,2021
1,Apis_mellifera,15-5 Taraxacum_sp,2,0,45,7,2021
1,Apis_mellifera,15-7 Taraxacum_sp,1,0,45,7,2021
1,Apis_mellifera,15-8 Taraxacum_sp,2,0,45,7,2021
1,Eristalis_sp,16-14 Bellis_perennis,1,1,15,7,2021
1,Eristalis_sp,16-14 Taraxacum_sp,1,1,15,7,2021
1,Eristalis_sp,16-16 Taraxacum_sp,1,0,16,7,2021
1,Eristalis_sp,16-17 Taraxacum_sp,1,0,16,7,2021
1,Apis_mellifera,16-18 Taraxacum_sp,1,0,45,7,2021
1,C46,16-4 Bellis_perennis,2,0,0,7,2021
1,Bombus_lapidarius,16-4 Veronica_sp,3,0,2,7,2021
1,Lucilia_silvarum,16-7 Bellis_perennis,2,0,1,7,2021
1,Apis_mellifera,16-7 Taraxacum_sp,1,0,45,7,2021
1,Lucilia_silvarum,16-8 Scilla_verna,1,0,1,7,2021
1,Apis_mellifera,16-8 Taraxacum_sp,4,0,45,7,2021
1,Lucilia_caesar,16-9 Bellis_perennis,1,0,2,7,2021
1,Apis_mellifera,16-9 Taraxacum_sp,9,0,45,7,2021
1,Bombus_pascuorum,16-9 Vicia_pyrenaica,2,0,22,7,2021
1,Apis_mellifera,17-1 Taraxacum_sp,3,0,45,7,2021
1,Eristalis_sp,17-11 Taraxacum_sp,1,0,16,7,2021
1,Bombus_pascuorum,17-11 Vicia_pyrenaica,2,0,22,7,2021
1,Eupeodes_sp,17-12 Bellis_perennis,2,0,4,7,2021
1,Eristalis_sp,17-13 Taraxacum_sp,1,0,16,7,2021
1,Eristalis_sp,17-15 Bellis_perennis,1,1,15,7,2021
1,Eristalis_sp,17-15 Taraxacum_sp,1,1,15,7,2021
1,Apis_mellifera,17-18 Taraxacum_sp,3,0,45,7,2021
1,Lasioglossum_sp,17-7 Scilla_verna,2,0,0,7,2021
1,Lucilia_caesar,17-9 Bellis_perennis,1,0,2,7,2021
1,Apis_mellifera,17-9 Taraxacum_sp,2,0,45,7,2021
1,Apis_mellifera,18-11 Taraxacum_sp,1,0,45,7,2021
1,Apis_mellifera,18-17 Taraxacum_sp,1,0,45,7,2021
1,Apis_mellifera,18-18 Taraxacum_sp,3,0,45,7,2021
1,Apis_mellifera,18-8 Taraxacum_sp,1,0,45,7,2021
1,Lucilia_caesar,18-9 Bellis_perennis,1,0,2,7,2021
1,Apis_mellifera,18-9 Taraxacum_sp,1,0,45,7,2021
1,Platycheirus_albimanus,19-15 Taraxacum_sp,1,0,4,7,2021
1,Platycheirus_albimanus,19-16 Taraxacum_sp,1,0,4,7,2021
1,Apis_mellifera,19-19 Taraxacum_sp,6,0,45,7,2021
1,Bombus_pascuorum,19-23 Vicia_pyrenaica,1,0,22,7,2021
1,Bombus_pascuorum,19-8 Vicia_pyrenaica,1,0,22,7,2021
1,Bombus_pascuorum,19-9 Vicia_pyrenaica,1,0,22,7,2021
1,Eupeodes_sp,20-11 Bellis_perennis,2,0,4,7,2021
1,C47,20-14 Bellis_perennis,2,0,5,7,2021
1,C47,20-15 Bellis_perennis,3,0,5,7,2021
1,Apis_mellifera,20-15 Taraxacum_sp,3,0,45,7,2021
1,C47,20-16 Bellis_perennis,1,0,5,7,2021
1,Eristalis_sp,20-16 Bellis_perennis,1,1,15,7,2021
1,Eupeodes_sp,20-16 Bellis_perennis,1,0,4,7,2021
1,Eristalis_sp,20-16 Taraxacum_sp,1,1,15,7,2021
1,Eupeodes_sp,20-17 Bellis_perennis,2,0,4,7,2021
1,Bombylius_sp,20-17 Taraxacum_sp,2,0,0,7,2021
1,Eupeodes_sp,21-12 Bellis_perennis,3,0,4,7,2021
1,C47,21-15 Bellis_perennis,1,0,5,7,2021
1,C47,21-16 Bellis_perennis,3,0,5,7,2021
1,Eristalis_sp,21-16 Bellis_perennis,3,0,16,7,2021
1,C47,21-17 Bellis_perennis,2,0,5,7,2021
1,Apis_mellifera,22-16 Taraxacum_sp,3,0,45,7,2021
1,Apis_mellifera,22-17 Taraxacum_sp,1,0,45,7,2021
1,Apis_mellifera,22-8 Taraxacum_sp,3,0,45,7,2021
1,Apis_mellifera,23-16 Taraxacum_sp,3,0,45,7,2021
1,Apis_mellifera,23-17 Taraxacum_sp,4,0,45,7,2021
1,Eristalis_sp,23-17 Taraxacum_sp,1,0,16,7,2021
1,Eristalis_sp,23-18 Taraxacum_sp,2,0,16,7,2021
1,Apis_mellifera,23-8 Taraxacum_sp,3,0,45,7,2021
1,Eristalis_sp,24-19 Taraxacum_sp,1,0,16,7,2021
1,Apis_mellifera,3-7 Taraxacum_sp,1,0,45,7,2021
1,Apis_mellifera,4-13 Taraxacum_sp,1,0,45,7,2021
1,Sphaerophoria_scripta,4-8 Bellis_perennis,3,0,8,7,2021
1,Apis_mellifera,4-8 Taraxacum_sp,1,0,45,7,2021
1,Apis_mellifera,5-1 Taraxacum_sp,2,0,45,7,2021
1,Apis_mellifera,5-6 Taraxacum_sp,1,0,45,7,2021
1,Sphaerophoria_scripta,5-8 Bellis_perennis,1,0,8,7,2021
1,Sphaerophoria_scripta,5-9 Bellis_perennis,1,0,8,7,2021
1,Apis_mellifera,6-1 Taraxacum_sp,1,0,45,7,2021
1,Bombus_pascuorum,6-13 Polygala_vulgaris,1,0,22,7,2021
1,Bombus_lapidarius,6-14 Vicia_pyrenaica,1,0,2,7,2021
1,Sphaerophoria_scripta,6-8 Taraxacum_sp,1,0,8,7,2021
1,Bombus_pascuorum,7-1 Vicia_pyrenaica,2,0,22,7,2021
1,Apis_mellifera,7-12 Taraxacum_sp,3,0,45,7,2021
1,Bombus_lapidarius,7-14 Vicia_pyrenaica,2,0,2,7,2021
1,Bombus_pascuorum,7-14 Vicia_pyrenaica,4,0,22,7,2021
1,Sphaerophoria_scripta,7-8 Taraxacum_sp,3,0,8,7,2021
1,Apis_mellifera,8-12 Taraxacum_sp,2,0,45,7,2021
1,Sphaerophoria_scripta,8-13 Bellis_perennis,2,0,8,7,2021
1,Apis_mellifera,8-13 Taraxacum_sp,1,0,45,7,2021
1,Sphaerophoria_scripta,9-16 Bellis_perennis,1,0,8,7,2021
1,Sphaerophoria_scripta,9-17 Bellis_perennis,3,0,8,7,2021
1,Platycheirus_albimanus,9-17 Scilla_verna,2,0,4,7,2021
1,Apis_mellifera,9-17 Taraxacum_sp,1,0,45,7,2021
1,Andrena_agilissima,9-8 Erysimum_gorbeanum,5,0,0,7,2021
1,Eristalis_sp,9-8 Erysimum_gorbeanum,1,1,15,7,2021
1,Andrena_minutuloides,9-8 Taraxacum_sp,1,0,1,7,2021
1,Eristalis_sp,9-8 Taraxacum_sp,1,1,15,7,2021
3,Lasioglossum_sp,11-21 Ranunculus_repens,1,0,7,7,2021
3,Bombus_lapidarius,12-16 Lathyrus_linifolius,1,0,5,7,2021
3,Bombus_lapidarius,13-13 Pedicularis_sylvatica,1,0,5,7,2021
3,Lasioglossum_sp,14-23 Potentilla_erecta,2,1,6,7,2021
3,Lasioglossum_sp,14-23 Ranunculus_repens,2,1,6,7,2021
3,Bombus_lapidarius,15-3 Thymus_praecox,3,0,5,7,2021
3,Bombus_lapidarius,17-4 Pedicularis_sylvatica,4,0,5,7,2021
3,C47,18-15 Polygala_vulgaris,1,1,0,7,2021
3,C47,18-15 Potentilla_erecta,2,1,0,7,2021
3,Apis_mellifera,18-4 Hippocrepis_comosa,7,0,7,7,2021
3,Melanostoma_scalare,19-3 Potentilla_erecta,1,0,1,7,2021
3,Andrena_minutuloides,20-16 Potentilla_erecta,2,0,1,7,2021
3,Apis_mellifera,20-2 Hippocrepis_comosa,10,0,7,7,2021
3,C46,20-2 Hippocrepis_comosa,3,0,0,7,2021
3,Melanostoma_scalare,20-3 Ranunculus_repens,1,0,1,7,2021
3,Apis_mellifera,20-5 Hippocrepis_comosa,13,0,7,7,2021
3,Andrena_minutuloides,20-9 Potentilla_montana,2,0,1,7,2021
3,Apis_mellifera,21-1 Hippocrepis_comosa,11,0,7,7,2021
3,Apis_mellifera,21-2 Hippocrepis_comosa,2,0,7,7,2021
3,Lasioglossum_sp,21-2 Pilosella_officinarum,2,0,7,7,2021
3,Apis_mellifera,21-5 Hippocrepis_comosa,4,0,7,7,2021
3,Apis_mellifera,22-3 Hippocrepis_comosa,2,0,7,7,2021
3,Apis_mellifera,22-5 Hippocrepis_comosa,19,0,7,7,2021
3,Bombus_lapidarius,6-16 Lathyrus_linifolius,2,0,5,7,2021
3,Lasioglossum_sp,7-9 Ranunculus_repens,1,0,7,7,2021
3,Lasioglossum_sp,8-9 Pilosella_officinarum,1,2,5,7,2021
3,Lasioglossum_sp,8-9 Potentilla_erecta,2,2,5,7,2021
3,Lasioglossum_sp,8-9 Ranunculus_repens,2,2,5,7,2021
3,Bombus_lapidarius,9-17 Lathyrus_linifolius,1,0,5,7,2021
5,Empis_sp,10-8 Scilla_verna,3,0,2,7,2021
5,Empis_sp,3-15 Scilla_verna,2,0,2,7,2021
5,Empis_sp,7-4 Scilla_verna,4,0,2,7,2021
1,Sphaerophoria_scripta,0-1 Bellis_perennis,1,0,33,8,2021
1,Episyrphus_sp,10-3 Bellis_perennis,1,0,1,8,2021
1,Bombus_pascuorum,10-9 Vicia_pyrenaica,1,0,15,8,2021
1,Bombus_pascuorum,11-19 Vicia_pyrenaica,2,0,15,8,2021
1,Sphaerophoria_scripta,11-2 Bellis_perennis,1,0,33,8,2021
1,Lasioglossum_nitidulum,11-2 Erysimum_gorbeanum,7,0,0,8,2021
1,Sphaerophoria_scripta,11-3 Bellis_perennis,2,1,32,8,2021
1,Lasioglossum_sp,11-3 Ranunculus_repens,1,0,6,8,2021
1,Sphaerophoria_scripta,11-3 Ranunculus_repens,1,1,32,8,2021
1,Sphaerophoria_scripta,11-7 Bellis_perennis,2,0,33,8,2021
1,Bombus_pascuorum,11-8 Vicia_pyrenaica,2,0,15,8,2021
1,Bombus_pascuorum,12-1 Vicia_pyrenaica,1,0,15,8,2021
1,Bombus_pascuorum,12-19 Vicia_pyrenaica,7,0,15,8,2021
1,Sphaerophoria_scripta,12-2 Bellis_perennis,1,0,33,8,2021
1,Bombus_pascuorum,12-21 Vicia_pyrenaica,2,0,15,8,2021
1,Lasioglossum_sp,12-3 Ranunculus_repens,1,0,6,8,2021
1,Platycheirus_albimanus,12-6 Bellis_perennis,1,2,1,8,2021
1,Platycheirus_albimanus,12-6 Polygala_vulgaris,2,2,1,8,2021
1,Platycheirus_albimanus,12-6 Vicia_pyrenaica,1,2,1,8,2021
1,Bombus_pascuorum,12-7 Vicia_pyrenaica,1,0,15,8,2021
1,Sphaerophoria_scripta,12-8 Bellis_perennis,2,0,33,8,2021
1,Sphaerophoria_scripta,13-2 Bellis_perennis,1,1,32,8,2021
1,Sphaerophoria_scripta,13-2 Hutchinsia_alpina,1,1,32,8,2021
1,Bombus_pascuorum,13-21 Vicia_pyrenaica,1,0,15,8,2021
1,Sphaerophoria_scripta,13-5 Bellis_perennis,1,0,33,8,2021
1,Bombus_pascuorum,14-1 Vicia_pyrenaica,1,0,15,8,2021
1,Sphaerophoria_scripta,14-14 Bellis_perennis,3,0,33,8,2021
1,Bombus_pascuorum,14-2 Vicia_pyrenaica,4,0,15,8,2021
1,Bombus_pascuorum,14-21 Vicia_pyrenaica,1,0,15,8,2021
1,Sphaerophoria_scripta,15-1 Bellis_perennis,1,0,33,8,2021
1,Bombus_pascuorum,15-1 Vicia_pyrenaica,1,0,15,8,2021
1,Sphaerophoria_scripta,15-15 Bellis_perennis,3,0,33,8,2021
1,Eupeodes_sp,15-16 Bellis_perennis,3,0,9,8,2021
1,Bombus_pascuorum,15-18 Vicia_pyrenaica,1,0,15,8,2021
1,Sphaerophoria_scripta,15-2 Bellis_perennis,1,0,33,8,2021
1,Platycheirus_albimanus,15-5 Bellis_perennis,2,0,3,8,2021
1,Bombus_pascuorum,15-9 Vicia_pyrenaica,2,0,15,8,2021
1,Sphaerophoria_scripta,16-2 Bellis_perennis,2,0,33,8,2021
1,Formicidae,17-3 Euphrasia_alpina,3,1,0,8,2021
1,Formicidae,17-3 Medicago_lupulina,1,1,0,8,2021
1,Sphaerophoria_scripta,17-6 Bellis_perennis,1,0,33,8,2021
1,Eupeodes_sp,17-8 Bellis_perennis,4,0,9,8,2021
1,Sphaerophoria_scripta,18-1 Bellis_perennis,6,0,33,8,2021
1,Sphaerophoria_scripta,18-18 Bellis_perennis,1,0,33,8,2021
1,Sphaerophoria_scripta,18-2 Bellis_perennis,3,0,33,8,2021
1,Sphaerophoria_scripta,18-7 Bellis_perennis,2,0,33,8,2021
1,Sphaerophoria_scripta,19-1 Bellis_perennis,1,0,33,8,2021
1,Andrena_minutuloides,19-6 Bellis_perennis,1,1,1,8,2021
1,Andrena_minutuloides,19-6 Potentilla_montana,1,1,1,8,2021
1,Sphaerophoria_scripta,2-1 Bellis_perennis,1,0,33,8,2021
1,Diptera,20-1 Bellis_perennis,1,0,1,8,2021
1,Sphaerophoria_scripta,20-1 Bellis_perennis,4,0,33,8,2021
1,Andrena_minutuloides,20-6 Ranunculus_repens,1,0,2,8,2021
1,Diptera,21-1 Bellis_perennis,1,0,1,8,2021
1,Lasioglossum_sp,21-1 Taraxacum_sp,1,0,6,8,2021
1,Eupeodes_sp,21-21 Bellis_perennis,5,0,9,8,2021
1,Sphaerophoria_scripta,21-3 Ranunculus_repens,1,0,33,8,2021
1,Sphaerophoria_scripta,21-4 Ranunculus_repens,1,0,33,8,2021
1,Sphaerophoria_scripta,21-6 Bellis_perennis,1,0,33,8,2021
1,Lasioglossum_sp,22-2 Taraxacum_sp,2,0,6,8,2021
1,Eupeodes_sp,22-3 Bellis_perennis,1,0,9,8,2021
1,Sphaerophoria_scripta,22-3 Ranunculus_repens,1,0,33,8,2021
1,Lasioglossum_sp,22-3 Taraxacum_sp,1,0,6,8,2021
1,Eupeodes_sp,22-4 Bellis_perennis,1,0,9,8,2021
1,Sphaerophoria_scripta,22-4 Bellis_perennis,4,1,32,8,2021
1,Lasioglossum_sp,22-4 Ranunculus_repens,2,0,6,8,2021
1,Sphaerophoria_scripta,22-4 Ranunculus_repens,3,1,32,8,2021
1,Lasioglossum_sp,22-5 Ranunculus_repens,1,0,6,8,2021
1,Sphaerophoria_scripta,22-6 Ranunculus_repens,1,0,33,8,2021
1,Eupeodes_sp,23-1 Bellis_perennis,1,0,9,8,2021
1,Eupeodes_sp,23-2 Bellis_perennis,3,1,8,8,2021
1,Eupeodes_sp,23-2 Ranunculus_repens,1,1,8,8,2021
1,Sphaerophoria_scripta,23-6 Bellis_perennis,1,0,33,8,2021
1,Eupeodes_sp,4-1 Bellis_perennis,1,0,9,8,2021
1,Eupeodes_sp,4-2 Bellis_perennis,4,0,9,8,2021
1,Sphaerophoria_scripta,6-6 Bellis_perennis,5,0,33,8,2021
1,Bombus_pascuorum,7-2 Vicia_pyrenaica,2,0,15,8,2021
1,Sphaerophoria_scripta,7-5 Bellis_perennis,3,0,33,8,2021
1,Sphaerophoria_scripta,7-6 Bellis_perennis,1,0,33,8,2021
1,Bombus_pascuorum,8-2 Vicia_pyrenaica,1,0,15,8,2021
1,Episyrphus_sp,9-3 Ranunculus_repens,1,0,1,8,2021
2,Macroglossum_stellatarum,0-18 Pinguicula_grandiflora,6,0,2,8,2021
2,Macroglossum_stellatarum,0-19 Pinguicula_grandiflora,3,0,2,8,2021
2,Macroglossum_stellatarum,0-2 Pinguicula_grandiflora,3,0,2,8,2021
2,Sphaerophoria_scripta,0-4 Bellis_perennis,2,0,18,8,2021
2,Bombus_pascuorum,1-2 Vicia_pyrenaica,1,0,5,8,2021
2,Bombus_pascuorum,1-22 Vicia_pyrenaica,2,0,5,8,2021
2,Sphaerophoria_scripta,1-4 Bellis_perennis,1,0,18,8,2021
2,Sphaerophoria_scripta,1-7 Bellis_perennis,3,1,17,8,2021
2,Sphaerophoria_scripta,1-7 Cerastium_vulgare,1,1,17,8,2021
2,Apis_mellifera,1-7 Taraxacum_sp,1,0,7,8,2021
2,Lucilia_caesar,10-5 Bellis_perennis,2,0,4,8,2021
2,Bombus_lapidarius,11-17 Vicia_pyrenaica,1,0,3,8,2021
2,Sphaerophoria_scripta,11-6 Bellis_perennis,2,0,18,8,2021
2,C55,12-5 Bellis_perennis,2,0,1,8,2021
2,Lucilia_caesar,12-6 Bellis_perennis,4,0,4,8,2021
2,C55,13-5 Bellis_perennis,1,0,1,8,2021
2,Bombus_lapidarius,14-16 Ajuga_reptans,4,0,3,8,2021
2,Bombus_lapidarius,18-18 Ajuga_reptans,3,0,3,8,2021
2,Sphaerophoria_scripta,19-11 Bellis_perennis,2,0,18,8,2021
2,Apis_mellifera,19-11 Taraxacum_sp,1,0,7,8,2021
2,Sphaerophoria_scripta,19-12 Bellis_perennis,4,0,18,8,2021
2,C59,19-14 Ranunculus_repens,1,0,1,8,2021
2,C59,19-15 Ranunculus_repens,2,0,1,8,2021
2,Bombus_lapidarius,19-19 Ajuga_reptans,5,0,3,8,2021
2,Lasioglossum_sp,19-8 Ranunculus_repens,2,0,3,8,2021
2,Bombus_pascuorum,2-2 Vicia_pyrenaica,1,0,5,8,2021
2,Bombus_pascuorum,2-21 Vicia_pyrenaica,2,0,5,8,2021
2,Bombus_pascuorum,2-23 Vicia_pyrenaica,2,0,5,8,2021
2,Lasioglossum_sp,20-7 Bellis_perennis,2,0,3,8,2021
2,Lasioglossum_sp,21-7 Ranunculus_repens,1,0,3,8,2021
2,Sphaerophoria_scripta,21-9 Bellis_perennis,2,0,18,8,2021
2,Apis_mellifera,21-9 Taraxacum_sp,1,0,7,8,2021
2,Sphaerophoria_scripta,22-7 Bellis_perennis,4,0,18,8,2021
2,Apis_mellifera,23-14 Taraxacum_sp,1,0,7,8,2021
2,Lasioglossum_sp,24-12 Bellis_perennis,2,0,3,8,2021
2,Apis_mellifera,24-14 Taraxacum_sp,1,0,7,8,2021
2,Apis_mellifera,3-1 Taraxacum_sp,1,0,7,8,2021
2,Bombus_pascuorum,4-23 Vicia_pyrenaica,1,0,5,8,2021
2,Apis_mellifera,5-13 Taraxacum_sp,1,0,7,8,2021
2,Cheilosia_sp,5-6 Ranunculus_repens,2,0,0,8,2021
2,Andrena_minutuloides,5-8 Veronica_sp,1,0,1,8,2021
2,Sphaerophoria_scripta,6-4 Bellis_perennis,1,0,18,8,2021
2,Sphaerophoria_scripta,6-5 Bellis_perennis,2,0,18,8,2021
2,Sphaerophoria_scripta,6-6 Bellis_perennis,3,0,18,8,2021
2,Sphaerophoria_scripta,6-7 Bellis_perennis,1,0,18,8,2021
2,Sphaerophoria_scripta,6-8 Bellis_perennis,2,0,18,8,2021
2,Andrena_minutuloides,6-8 Ranunculus_repens,1,0,1,8,2021
2,Apis_mellifera,7-14 Taraxacum_sp,1,0,7,8,2021
2,Lucilia_caesar,7-4 Bellis_perennis,2,0,4,8,2021
2,Sphaerophoria_scripta,7-4 Bellis_perennis,5,0,18,8,2021
2,Sphaerophoria_scripta,7-6 Bellis_perennis,6,0,18,8,2021
2,Eupeodes_sp,7-7 Bellis_perennis,7,0,0,8,2021
2,Sphaerophoria_scripta,7-7 Bellis_perennis,3,0,18,8,2021
2,Sphaerophoria_scripta,8-2 Bellis_perennis,2,0,18,8,2021
2,Lucilia_caesar,8-4 Bellis_perennis,1,0,4,8,2021
2,Sphaerophoria_scripta,8-7 Bellis_perennis,3,0,18,8,2021
2,Lucilia_caesar,9-4 Bellis_perennis,6,0,4,8,2021
4,Andrena_minutuloides,10-4 Potentilla_erecta,2,0,25,8,2021
4,?=C47,10-5 Potentilla_erecta,2,0,0,8,2021
4,Andrena_minutuloides,10-5 Potentilla_erecta,7,0,25,8,2021
4,Andrena_minutuloides,11-5 Potentilla_erecta,10,0,25,8,2021
4,Andrena_minutuloides,12-4 Potentilla_erecta,1,0,25,8,2021
4,Andrena_minutuloides,13-3 Potentilla_erecta,3,0,25,8,2021
4,Andrena_minutuloides,13-4 Potentilla_erecta,2,0,25,8,2021
4,Andrena_minutuloides,14-4 Potentilla_erecta,1,0,25,8,2021
4,Andrena_minutuloides,14-5 Potentilla_erecta,2,0,25,8,2021
4,Andrena_minutuloides,15-14 Potentilla_erecta,5,0,25,8,2021
4,Sphaerophoria_scripta,15-4 Potentilla_erecta,2,0,2,8,2021
4,Andrena_minutuloides,16-4 Potentilla_erecta,1,0,25,8,2021
4,Andrena_minutuloides,17-4 Potentilla_erecta,1,0,25,8,2021
4,Andrena_minutuloides,18-2 Potentilla_erecta,4,0,25,8,2021
4,Andrena_minutuloides,19-2 Potentilla_erecta,1,0,25,8,2021
4,Andrena_minutuloides,20-20 Potentilla_erecta,2,0,25,8,2021
4,Andrena_minutuloides,21-1 Potentilla_erecta,6,0,25,8,2021
4,Sphaerophoria_scripta,21-14 Polygala_vulgaris,4,0,2,8,2021
4,Andrena_minutuloides,21-2 Potentilla_erecta,3,0,25,8,2021
4,Andrena_minutuloides,21-3 Potentilla_erecta,3,0,25,8,2021
4,Sphaerophoria_sp,22-16 Potentilla_erecta,1,0,1,8,2021
4,Sphaerophoria_sp,23-16 Potentilla_erecta,1,0,1,8,2021
4,Ancistrocerus_sp,4-23 Polygala_vulgaris,3,0,1,8,2021
4,Ancistrocerus_sp,4-24 Polygala_vulgaris,1,0,1,8,2021
4,Sphaerophoria_scripta,4-4 Potentilla_erecta,2,0,2,8,2021
4,Andrena_minutuloides,6-6 Potentilla_erecta,2,0,25,8,2021
4,Andrena_minutuloides,6-7 Potentilla_erecta,4,0,25,8,2021
4,C55,7-14 Scilla_verna,3,0,0,8,2021
4,Andrena_minutuloides,7-8 Potentilla_erecta,3,0,25,8,2021
4,Andrena_minutuloides,8-17 Potentilla_erecta,2,0,25,8,2021
4,Andrena_minutuloides,8-9 Potentilla_erecta,8,0,25,8,2021
4,Andrena_minutuloides,9-1 Potentilla_erecta,1,0,25,8,2021
4,Andrena_minutuloides,9-4 Potentilla_erecta,3,0,25,8,2021
4,Andrena_minutuloides,9-8 Potentilla_erecta,1,0,25,8,2021
4,Andrena_minutuloides,9-9 Potentilla_erecta,1,0,25,8,2021
3,Andrena_minutuloides,11-3 Pilosella_officinarum,1,0,3,9,2021
3,Andrena_minutuloides,12-3 Pilosella_officinarum,2,0,3,9,2021
3,Melanostoma_scalare,15-1 Helianthemum_nummularium,2,0,1,9,2021
3,Dasyrhamphis_atra,15-3 Thymus_praecox,10,0,0,9,2021
3,Melanostoma_scalare,16-1 Helianthemum_nummularium,1,0,1,9,2021
3,C73,16-16 Lotus_corniculatus,4,0,1,9,2021
3,Andrena_minutuloides,17-4 Pilosella_officinarum,5,0,3,9,2021
3,Andrena_minutuloides,18-4 Pilosella_officinarum,1,0,3,9,2021
3,Lasioglossum_sp,18-5 Pilosella_officinarum,1,0,4,9,2021
3,Lasioglossum_sp,19-4 Helianthemum_nummularium,2,0,4,9,2021
3,Lasioglossum_sp,19-5 Helianthemum_nummularium,1,0,4,9,2021
3,Sphaerophoria_scripta,20-2 Helianthemum_nummularium,1,1,2,9,2021
3,Sphaerophoria_scripta,20-2 Hippocrepis_comosa,1,1,2,9,2021
3,C73,20-3 Teucrium_pyrenaicum,1,0,1,9,2021
3,Bombus_lapidarius,21-8 Lotus_corniculatus,4,0,0,9,2021
3,Sphaerophoria_scripta,4-4 Potentilla_erecta,1,0,3,9,2021
3,Sphaerophoria_scripta,5-4 Ranunculus_repens,1,0,3,9,2021
3,Lasioglossum_sp,7-8 Lotus_corniculatus,2,0,4,9,2021
3,Lasioglossum_sp,8-7 Lotus_corniculatus,1,0,4,9,2021
4,Sphaerophoria_scripta,0-2 Potentilla_erecta,9,0,13,9,2021
4,Andrena_nigroaena,0-6 Potentilla_erecta,2,0,0,9,2021
4,Sphaerophoria_scripta,1-1 Potentilla_erecta,4,0,13,9,2021
4,Sphaerophoria_scripta,10-3 Potentilla_erecta,1,0,13,9,2021
4,Sphaerophoria_scripta,10-5 Potentilla_erecta,1,0,13,9,2021
4,Andrena_minutuloides,11-5 Potentilla_erecta,5,0,9,9,2021
4,Sphaerophoria_scripta,11-5 Potentilla_erecta,5,0,13,9,2021
4,Sphaerophoria_scripta,15-3 Potentilla_erecta,3,0,13,9,2021
4,Sphaerophoria_scripta,16-2 Potentilla_erecta,1,0,13,9,2021
4,Sphaerophoria_scripta,16-3 Potentilla_erecta,3,0,13,9,2021
4,Andrena_minutuloides,17-3 Potentilla_erecta,2,0,9,9,2021
4,Platycheirus_albimanus,17-4 Potentilla_erecta,2,0,1,9,2021
4,Andrena_minutuloides,18-2 Potentilla_erecta,2,0,9,9,2021
4,Andrena_minutuloides,18-4 Potentilla_erecta,2,0,9,9,2021
4,Platycheirus_albimanus,18-4 Potentilla_erecta,1,0,1,9,2021
4,Andrena_minutuloides,19-1 Potentilla_erecta,1,0,9,9,2021
4,Andrena_minutuloides,19-2 Potentilla_erecta,2,0,9,9,2021
4,Andrena_minutuloides,19-4 Potentilla_erecta,3,0,9,9,2021
4,Andrena_minutuloides,19-5 Potentilla_erecta,1,0,9,9,2021
4,Andrena_minutuloides,20-1 Potentilla_erecta,1,0,9,9,2021
4,Andrena_minutuloides,21-4 Potentilla_erecta,1,0,9,9,2021
4,Sphaerophoria_scripta,21-4 Potentilla_erecta,1,0,13,9,2021
4,Sphaerophoria_scripta,22-1 Potentilla_erecta,1,0,13,9,2021
4,Sphaerophoria_scripta,22-4 Potentilla_erecta,2,0,13,9,2021
4,Sphaerophoria_scripta,23-1 Potentilla_erecta,2,0,13,9,2021
4,Sphaerophoria_scripta,23-2 Potentilla_erecta,1,0,13,9,2021
4,Sphaerophoria_scripta,9-5 Potentilla_erecta,1,0,13,9,2021
1,Bombus_pascuorum,10-18 Vicia_pyrenaica,3,0,26,10,2021
1,Bombus_pascuorum,11-14 Lotus_corniculatus,4,0,26,10,2021
1,Bombus_pascuorum,12-14 Lotus_corniculatus,7,0,26,10,2021
1,Bombus_pascuorum,13-1 Vicia_pyrenaica,1,0,26,10,2021
1,Bombus_pascuorum,13-11 Vicia_pyrenaica,2,0,26,10,2021
1,Bombus_pascuorum,13-12 Vicia_pyrenaica,1,0,26,10,2021
1,Bombus_pascuorum,13-19 Vicia_pyrenaica,2,0,26,10,2021
1,Bombus_pascuorum,13-2 Vicia_pyrenaica,2,0,26,10,2021
1,Bombus_pascuorum,14-1 Vicia_pyrenaica,1,0,26,10,2021
1,Bombus_pascuorum,14-18 Vicia_pyrenaica,1,0,26,10,2021
1,Bombus_pascuorum,14-19 Vicia_pyrenaica,3,0,26,10,2021
1,Bombus_pascuorum,14-2 Vicia_pyrenaica,1,0,26,10,2021
1,Bombus_pascuorum,14-9 Vicia_pyrenaica,1,0,26,10,2021
1,Bombus_pascuorum,15-1 Vicia_pyrenaica,2,0,26,10,2021
1,Bombus_pascuorum,15-17 Vicia_pyrenaica,2,0,26,10,2021
1,Bombus_pascuorum,15-18 Vicia_pyrenaica,1,0,26,10,2021
1,Bombus_pascuorum,15-24 Vicia_pyrenaica,1,0,26,10,2021
1,Bombus_lapidarius,15-5 Vicia_pyrenaica,4,0,3,10,2021
1,Bombus_pascuorum,16-16 Vicia_pyrenaica,1,0,26,10,2021
1,Bombus_pascuorum,16-9 Vicia_pyrenaica,2,0,26,10,2021
1,Bombus_pascuorum,18-19 Vicia_pyrenaica,1,0,26,10,2021
1,Bombus_pascuorum,18-22 Vicia_pyrenaica,1,0,26,10,2021
1,Eupeodes_sp,19-12 Bellis_perennis,2,0,0,10,2021
1,Eucera_nigrescens,19-22 Vicia_pyrenaica,1,0,1,10,2021
1,Eucera_nigrescens,20-22 Vicia_pyrenaica,1,0,1,10,2021
1,Bombus_lapidarius,22-8 Vicia_pyrenaica,1,0,3,10,2021
1,Bombus_lapidarius,23-14 Lotus_corniculatus,4,0,3,10,2021
1,Bombus_lapidarius,24-14 Vicia_pyrenaica,2,0,3,10,2021
1,Lasioglossum_sp,4-24 Ranunculus_repens,2,0,2,10,2021
1,Bombus_pascuorum,5-19 Vicia_pyrenaica,2,0,26,10,2021
1,Bombus_pascuorum,6-12 Vicia_pyrenaica,1,0,26,10,2021
1,Bombus_pascuorum,7-13 Vicia_pyrenaica,1,0,26,10,2021
1,Bombus_pascuorum,7-14 Vicia_pyrenaica,1,0,26,10,2021
1,Sphaerophoria_scripta,7-24 Bellis_perennis,4,0,0,10,2021
1,Lasioglossum_sp,7-24 Ranunculus_repens,2,0,2,10,2021
1,Bombus_pascuorum,8-13 Vicia_pyrenaica,1,0,26,10,2021
1,Lasioglossum_sp,8-24 Ranunculus_repens,1,0,2,10,2021
1,Bombus_pascuorum,9-18 Vicia_pyrenaica,2,0,26,10,2021
2,Bombus_pascuorum,0-2 Vicia_pyrenaica,4,0,35,10,2021
2,Lucilia_caesar,0-24 Bellis_perennis,1,0,3,10,2021
2,Bombus_pascuorum,1-2 Vicia_pyrenaica,7,0,35,10,2021
2,Eristalis_sp,1-21 Bellis_perennis,1,1,13,10,2021
2,Eristalis_sp,1-21 Ranunculus_repens,3,1,13,10,2021
2,Bombus_pascuorum,1-21 Vicia_pyrenaica,1,0,35,10,2021
2,Eristalis_sp,1-22 Bellis_perennis,1,0,14,10,2021
2,Sphaerophoria_scripta,1-22 Bellis_perennis,3,0,15,10,2021
2,Bombus_pascuorum,1-22 Vicia_pyrenaica,2,0,35,10,2021
2,Eucera_nigrescens,1-22 Vicia_pyrenaica,2,0,8,10,2021
2,Lucilia_caesar,1-24 Bellis_perennis,2,0,3,10,2021
2,Macroglossum_stellatarum,10-21 Anacamptis_pyramidalis,5,0,0,10,2021
2,Platycheirus_albimanus,10-23 Geranium_robertianum,1,1,3,10,2021
2,Platycheirus_albimanus,10-23 Hutchinsia_alpina,2,1,3,10,2021
2,Bombus_pascuorum,10-23 Vicia_pyrenaica,3,0,35,10,2021
2,Eristalis_sp,10-24 Ranunculus_repens,1,0,14,10,2021
2,Bombus_pascuorum,11-2 Geranium_robertianum,2,0,35,10,2021
2,Platycheirus_albimanus,11-23 Erinus_alpinus,2,0,4,10,2021
2,Lasioglossum_sp,11-23 Hutchinsia_alpina,2,0,4,10,2021
2,Eristalis_sp,11-24 Ranunculus_repens,2,0,14,10,2021
2,Eucera_nigrescens,12-18 Lotus_corniculatus,3,0,8,10,2021
2,Lasioglossum_sp,12-22 Hutchinsia_alpina,4,0,4,10,2021
2,Sphaerophoria_scripta,12-22 Myosotis_lamottiana,4,0,15,10,2021
2,Sphaerophoria_scripta,12-23 Hutchinsia_alpina,3,1,14,10,2021
2,Sphaerophoria_scripta,12-23 Myosotis_lamottiana,9,1,14,10,2021
2,Lasioglossum_sp,12-23 Ranunculus_repens,1,1,3,10,2021
2,Lasioglossum_sp,12-23 Veronica_sp,1,1,3,10,2021
2,Eucera_nigrescens,13-2 Vicia_pyrenaica,1,0,8,10,2021
2,Bombus_pascuorum,13-21 Ajuga_reptans,8,1,34,10,2021
2,Bombus_pascuorum,13-21 Vicia_pyrenaica,1,1,34,10,2021
2,Bombus_pascuorum,13-22 Ajuga_reptans,11,0,35,10,2021
2,Eristalis_sp,13-23 Myosotis_lamottiana,2,1,13,10,2021
2,Lasioglossum_sp,13-23 Myosotis_lamottiana,3,0,4,10,2021
2,Eristalis_sp,13-23 Ranunculus_repens,1,1,13,10,2021
2,Bombus_pascuorum,14-21 Vicia_pyrenaica,5,0,35,10,2021
2,Bombus_pascuorum,14-22 Ajuga_reptans,4,1,34,10,2021
2,Eristalis_sp,14-22 Myosotis_lamottiana,5,0,14,10,2021
2,Lucilia_caesar,14-22 Myosotis_lamottiana,3,0,3,10,2021
2,Platycheirus_albimanus,14-22 Myosotis_lamottiana,3,0,4,10,2021
2,Bombus_pascuorum,14-22 Vicia_pyrenaica,1,1,34,10,2021
2,Bombus_pascuorum,14-23 Ajuga_reptans,1,0,35,10,2021
2,Calliphoridae,14-23 Myosotis_lamottiana,4,0,0,10,2021
2,Cheilosia_personata,14-23 Myosotis_lamottiana,6,0,0,10,2021
2,Eristalis_sp,14-23 Myosotis_lamottiana,10,1,13,10,2021
2,Eristalis_sp,14-23 Ranunculus_repens,1,1,13,10,2021
2,Sphaerophoria_scripta,14-24 Ranunculus_repens,2,0,15,10,2021
2,Bombus_lapidarius,14-9 Lotus_corniculatus,1,0,6,10,2021
2,Bombus_pascuorum,15-21 Ajuga_reptans,1,0,35,10,2021
2,Eristalis_sp,15-23 Myosotis_lamottiana,3,0,14,10,2021
2,Sphaerophoria_scripta,15-24 Ranunculus_repens,1,0,15,10,2021
2,Bombus_lapidarius,16-11 Trifolium_repens,2,0,6,10,2021
2,Bombus_lapidarius,16-15 Ajuga_reptans,2,0,6,10,2021
2,Bombus_pascuorum,16-2 Ajuga_reptans,1,0,35,10,2021
2,Lucilia_caesar,16-22 Myosotis_lamottiana,3,0,3,10,2021
2,Bombus_pascuorum,17-19 Ajuga_reptans,2,0,35,10,2021
2,Bombus_pascuorum,17-2 Ajuga_reptans,3,0,35,10,2021
2,Eristalis_sp,17-23 Myosotis_lamottiana,1,0,14,10,2021
2,Eristalis_sp,18-23 Myosotis_lamottiana,1,0,14,10,2021
2,Bombus_lapidarius,2-16 Vicia_pyrenaica,2,0,6,10,2021
2,Bombus_lapidarius,2-17 Vicia_pyrenaica,2,0,6,10,2021
2,Bombus_pascuorum,2-2 Vicia_pyrenaica,11,0,35,10,2021
2,Bombus_pascuorum,2-22 Vicia_pyrenaica,2,0,35,10,2021
2,Eucera_nigrescens,2-22 Vicia_pyrenaica,1,0,8,10,2021
2,Eristalis_sp,21-23 Myosotis_lamottiana,8,0,14,10,2021
2,Eristalis_sp,22-23 Myosotis_lamottiana,6,0,14,10,2021
2,Bombus_lapidarius,3-14 Vicia_pyrenaica,1,0,6,10,2021
2,Sphaerophoria_scripta,3-16 Moehringia_trinervia,2,0,15,10,2021
2,Bombus_pascuorum,3-2 Vicia_pyrenaica,5,0,35,10,2021
2,Bombus_pascuorum,3-21 Vicia_pyrenaica,1,0,35,10,2021
2,Sphaerophoria_scripta,3-23 Bellis_perennis,6,0,15,10,2021
2,Eucera_nigrescens,3-23 Vicia_pyrenaica,1,0,8,10,2021
2,Bombus_pascuorum,3-24 Vicia_pyrenaica,3,0,35,10,2021
2,Bombus_pascuorum,4-19 Vicia_pyrenaica,4,0,35,10,2021
2,Bombus_pascuorum,4-2 Vicia_pyrenaica,4,0,35,10,2021
2,Platycheirus_albimanus,4-22 Hutchinsia_alpina,5,0,4,10,2021
2,Eucera_nigrescens,4-22 Vicia_pyrenaica,2,0,8,10,2021
2,Eucera_nigrescens,4-23 Vicia_pyrenaica,1,0,8,10,2021
2,Bombus_pascuorum,5-22 Vicia_pyrenaica,2,0,35,10,2021
2,Sphaerophoria_scripta,5-23 Hutchinsia_alpina,2,1,14,10,2021
2,Sphaerophoria_scripta,5-23 Veronica_sp,1,1,14,10,2021
2,Bombus_pascuorum,5-23 Vicia_pyrenaica,5,0,35,10,2021
2,Bombus_lapidarius,6-16 Vicia_pyrenaica,2,0,6,10,2021
2,Bombus_pascuorum,6-18 Vicia_pyrenaica,1,0,35,10,2021
2,Bombus_pascuorum,6-22 Vicia_pyrenaica,1,0,35,10,2021
2,Sphaerophoria_scripta,6-23 Hutchinsia_alpina,4,0,15,10,2021
2,Bombus_pascuorum,6-23 Vicia_pyrenaica,7,0,35,10,2021
2,Eucera_nigrescens,6-23 Vicia_pyrenaica,2,0,8,10,2021
2,Bombus_pascuorum,7-19 Vicia_pyrenaica,2,0,35,10,2021
2,Bombus_pascuorum,7-22 Vicia_pyrenaica,1,0,35,10,2021
2,Bombus_pascuorum,7-23 Vicia_pyrenaica,2,0,35,10,2021
2,Bombus_sp,7-24 Lotus_corniculatus,7,0,0,10,2021
2,Bombus_pascuorum,8-18 Vicia_pyrenaica,5,0,35,10,2021
2,Bombus_pascuorum,8-19 Vicia_pyrenaica,5,0,35,10,2021
2,Sphaerophoria_scripta,8-2 Bellis_perennis,4,1,14,10,2021
2,Sphaerophoria_scripta,8-2 Geranium_robertianum,4,1,14,10,2021
2,Sphaerophoria_scripta,8-21 Bellis_perennis,2,1,14,10,2021
2,Sphaerophoria_scripta,8-21 Hutchinsia_alpina,2,1,14,10,2021
2,Sphaerophoria_scripta,8-23 Hutchinsia_alpina,4,0,15,10,2021
2,Bombus_pascuorum,8-23 Vicia_pyrenaica,1,0,35,10,2021
2,Eucera_nigrescens,9-21 Vicia_pyrenaica,4,0,8,10,2021
2,Bombus_pascuorum,9-23 Vicia_pyrenaica,2,0,35,10,2021
5,Sphaerophoria_scripta,0-1 Potentilla_erecta,1,0,19,10,2021
5,Eupeodes_sp,0-17 Potentilla_erecta,3,0,0,10,2021
5,Lasioglossum_sp,1-17 Potentilla_erecta,1,0,5,10,2021
5,Sphaerophoria_scripta,1-8 Potentilla_erecta,1,0,19,10,2021
5,Sphaerophoria_scripta,1-9 Potentilla_erecta,1,0,19,10,2021
5,Orthoptera,10-11 Potentilla_erecta,3,0,0,10,2021
5,Sphaerophoria_scripta,11-3 Potentilla_erecta,2,0,19,10,2021
5,Sphaerophoria_scripta,12-3 Potentilla_erecta,1,0,19,10,2021
5,Lasioglossum_sp,12-6 Potentilla_erecta,1,1,4,10,2021
5,Lasioglossum_sp,12-6 Scorzonera_humilis,1,1,4,10,2021
5,Lasioglossum_sp,12-7 Potentilla_erecta,2,0,5,10,2021
5,Bombus_sp,16-2 Scorzonera_humilis,1,0,1,10,2021
5,Eristalis_tenax,16-2 Scorzonera_humilis,1,0,3,10,2021
5,Andrena_nigroaena,18-17 Potentilla_erecta,1,0,2,10,2021
5,Andrena_bicolor,19-18 Potentilla_erecta,2,0,0,10,2021
5,Andrena_nigroaena,19-19 Potentilla_erecta,1,1,1,10,2021
5,Andrena_nigroaena,19-19 Scorzonera_humilis,1,1,1,10,2021
5,Bombus_sp,19-3 Scorzonera_humilis,1,0,1,10,2021
5,?=C81,2-1 Potentilla_erecta,1,0,7,10,2021
5,Sphaerophoria_scripta,2-1 Potentilla_erecta,1,0,19,10,2021
5,?=C80,2-14 Potentilla_erecta,3,0,0,10,2021
5,Platycheirus_albimanus,2-14 Potentilla_erecta,1,0,4,10,2021
5,Lasioglossum_sp,2-19 Potentilla_erecta,1,0,5,10,2021
5,Sphaerophoria_scripta,2-19 Potentilla_erecta,2,0,19,10,2021
5,Coenoninpha_panfilus,2-5 Potentilla_erecta,1,0,4,10,2021
5,Coenoninpha_panfilus,2-6 Potentilla_erecta,2,0,4,10,2021
5,Sphaerophoria_scripta,2-9 Potentilla_erecta,2,0,19,10,2021
5,Eristalis_tenax,20-1 Scorzonera_humilis,2,0,3,10,2021
5,Sphaerophoria_scripta,20-8 Potentilla_erecta,1,0,19,10,2021
5,Sphaerophoria_scripta,21-1 Potentilla_erecta,1,0,19,10,2021
5,Eristalis_tenax,21-1 Scorzonera_humilis,4,0,3,10,2021
5,Eristalis_tenax,22-3 Scorzonera_humilis,1,0,3,10,2021
5,?=C81,3-1 Potentilla_erecta,4,0,7,10,2021
5,?=C81,3-11 Potentilla_erecta,1,0,7,10,2021
5,Platycheirus_albimanus,3-12 Potentilla_erecta,1,0,4,10,2021
5,Platycheirus_albimanus,3-13 Potentilla_erecta,1,0,4,10,2021
5,Lasioglossum_sp,3-18 Potentilla_erecta,2,0,5,10,2021
5,Sphaerophoria_scripta,3-18 Potentilla_erecta,1,0,19,10,2021
5,Sphaerophoria_scripta,3-5 Potentilla_erecta,2,0,19,10,2021
5,Coenoninpha_panfilus,3-6 Potentilla_erecta,1,0,4,10,2021
5,Sphaerophoria_scripta,3-8 Potentilla_erecta,1,0,19,10,2021
5,?=C81,3-9 Potentilla_erecta,8,0,7,10,2021
5,Sphaerophoria_scripta,4-1 Potentilla_erecta,1,0,19,10,2021
5,Platycheirus_albimanus,4-11 Potentilla_erecta,1,0,4,10,2021
5,Sphaerophoria_scripta,4-11 Potentilla_erecta,2,0,19,10,2021
5,?=C81,4-12 Potentilla_erecta,1,0,7,10,2021
5,Platycheirus_albimanus,4-12 Potentilla_erecta,1,0,4,10,2021
5,?=C81,4-15 Potentilla_erecta,1,0,7,10,2021
5,Coenoninpha_panfilus,4-5 Potentilla_erecta,2,0,4,10,2021
5,Coenoninpha_panfilus,4-6 Potentilla_erecta,1,0,4,10,2021
5,Sphaerophoria_scripta,4-7 Potentilla_erecta,1,0,19,10,2021
5,?=C81,5-13 Potentilla_erecta,1,0,7,10,2021
5,?=C81,5-17 Potentilla_erecta,2,0,7,10,2021
5,Eupeodes_corollae,7-16 Potentilla_erecta,1,0,2,10,2021
5,Sphaerophoria_scripta,7-3 Potentilla_erecta,4,0,19,10,2021
5,Sphaerophoria_scripta,7-4 Potentilla_erecta,2,0,19,10,2021
5,Sphaerophoria_scripta,7-5 Potentilla_erecta,9,0,19,10,2021
5,Eupeodes_corollae,8-15 Potentilla_erecta,2,0,2,10,2021
5,Eupeodes_corollae,8-16 Potentilla_erecta,1,0,2,10,2021
5,Sphaerophoria_scripta,8-5 Potentilla_erecta,2,0,19,10,2021
4,Bombus_magnus,12-19 Erica_tetralix,7,0,0,11,2021
4,Bombus_pascuorum,12-23 Erica_tetralix,3,0,8,11,2021
4,Bombus_pascuorum,13-22 Erica_cinerea,4,1,7,11,2021
4,Bombus_pascuorum,13-22 Erica_tetralix,5,1,7,11,2021
4,Sphaerophoria_scripta,13-5 Potentilla_erecta,2,0,0,11,2021
4,Erebia_meolans,14-13 Erica_cinerea,12,0,10,11,2021
4,Bombus_pascuorum,15-23 Erica_cinerea,4,0,8,11,2021
4,Erebia_meolans,17-4 Erica_cinerea,9,0,10,11,2021
4,Erebia_meolans,18-16 Erica_cinerea,16,0,10,11,2021
4,Eupeodes_sp,19-3 Potentilla_erecta,1,0,1,11,2021
4,Erebia_meolans,20-1 Erica_tetralix,7,0,10,11,2021
4,Erebia_meolans,20-14 Erica_cinerea,5,0,10,11,2021
4,Erebia_meolans,20-17 Erica_cinerea,8,0,10,11,2021
4,Eupeodes_sp,20-3 Potentilla_erecta,1,0,1,11,2021
4,Bombus_pascuorum,22-6 Erica_cinerea,4,0,8,11,2021
4,Erebia_meolans,22-7 Erica_tetralix,3,0,10,11,2021
4,Bombus_pascuorum,23-21 Erica_tetralix,9,0,8,11,2021
4,Erebia_meolans,4-19 Erica_cinerea,23,0,10,11,2021
4,Apis_mellifera,6-17 Erica_cinerea,5,0,1,11,2021
4,Bombus_pascuorum,6-17 Erica_cinerea,7,0,8,11,2021
4,Erebia_meolans,6-4 Erica_tetralix,5,0,10,11,2021
4,Bombus_pascuorum,7-16 Erica_tetralix,2,0,8,11,2021
4,Bombus_pascuorum,8-15 Erica_cinerea,6,0,8,11,2021
4,Apis_mellifera,8-18 Erica_cinerea,10,0,1,11,2021
4,Erebia_meolans,8-4 Erica_tetralix,14,1,9,11,2021
4,Erebia_meolans,8-4 Potentilla_erecta,1,1,9,11,2021
3,Bombus_pascuorum,18-7 Helianthemum_nummularium,1,0,3,12,2021
3,Bombus_lapidarius,18-8 Lotus_corniculatus,2,1,0,12,2021
3,Bombus_pascuorum,18-8 Lotus_corniculatus,7,1,2,12,2021
3,Bombus_lapidarius,18-8 Rhinanthus_angustifolius,3,1,0,12,2021
3,Bombus_pascuorum,18-8 Teucrium_pyrenaicum,24,1,2,12,2021
3,Bombus_pascuorum,18-9 Teucrium_pyrenaicum,2,0,3,12,2021
3,Sphaerophoria_scripta,19-4 Helianthemum_nummularium,1,0,1,12,2021
3,Sphaerophoria_scripta,20-4 Euphrasia_alpina,1,0,1,12,2021
3,Zygaena_lonicerae,21-1 Lotus_corniculatus,3,0,0,12,2021
5,Bombus_ruderatus,11-12 Erica_cinerea,7,0,2,12,2021
5,Lepidoptera,13-11 Erica_cinerea,4,0,1,12,2021
5,Lepidoptera,14-17 Erica_cinerea,3,0,1,12,2021
5,Bombus_ruderatus,9-1 Erica_tetralix,9,0,2,12,2021
5,Bombus_ruderatus,9-6 Erica_tetralix,4,0,2,12,2021
